race,sex,marital,educ,age,expdesgn,odds1,odds2,earthsun,viruses,condrift,evolved,radioact,hotcore,boyorgrl,electron,bigbang,lasers,bibrev,evolvedrev,bigbangrev,female,married,race_black,race_other
2,2,2,12,29,0,0,1,1,0,1,0,0,1,0,0,0,0,2,1,1,1,0,1,0
2,1,5,16,26,1,1,1,1,0,1,0,1,1,1,1,0,1,1,1,1,0,0,1,0
2,1,3,16,60,1,1,1,1,0,1,1,1,0,1,0,1,1,1,0,0,0,0,1,0
1,2,1,13,34,0,1,1,1,1,0,0,0,1,0,0,0,0,3,1,1,1,1,0,0
2,2,5,11,18,1,0,0,1,1,1,0,0,0,0,1,0,0,2,1,1,1,0,1,0
2,1,5,12,69,0,0,0,0,0,0,0,0,0,0,0,0,0,3,1,1,0,0,1,0
3,2,3,14,56,0,0,0,0,0,0,0,0,1,1,0,0,0,1,1,1,1,0,0,1
1,2,1,12,31,0,0,0,0,0,0,0,0,0,0,0,0,0,3,1,1,1,1,0,0
3,2,5,14,57,1,0,1,0,1,1,0,0,1,1,0,0,0,2,1,1,1,0,0,1
1,1,1,14,63,1,1,0,1,1,1,1,1,1,1,1,1,1,2,0,0,0,1,0,0
2,2,5,12,41,0,1,1,0,0,1,0,0,1,1,1,1,0,2,1,0,1,0,1,0
2,2,2,14,69,0,0,0,0,0,0,1,0,1,0,1,1,0,3,0,0,1,0,1,0
1,1,5,13,52,1,1,1,1,1,1,1,1,1,0,1,1,1,2,0,0,0,0,0,0
3,2,1,12,59,0,0,0,1,0,0,0,0,0,0,0,0,0,2,1,1,1,1,0,1
3,2,1,16,35,0,0,1,1,1,1,1,0,0,1,1,0,0,2,0,1,1,1,0,1
3,2,1,10,46,0,0,1,0,0,0,0,0,0,1,0,0,0,3,1,1,1,1,0,1
3,2,4,17,33,0,1,0,0,0,1,1,1,1,1,1,0,0,2,0,1,1,0,0,1
2,2,5,9,55,0,0,1,0,0,1,0,0,1,1,0,0,0,1,1,1,1,0,1,0
1,1,2,12,74,0,1,0,1,0,1,1,1,1,0,0,0,1,2,0,1,0,0,0,0
1,2,5,10,33,0,1,1,0,0,0,0,0,0,1,1,0,0,2,1,1,1,0,0,0
1,1,1,10,44,0,1,1,1,1,0,1,0,1,0,0,0,0,3,0,1,0,1,0,0
1,2,1,17,40,1,1,1,1,1,1,0,1,1,1,1,0,1,3,1,1,1,1,0,0
1,1,1,19,37,1,1,1,1,1,1,1,1,1,1,1,1,1,2,0,0,0,1,0,0
2,1,5,14,20,0,1,1,1,0,1,0,1,1,1,0,1,0,3,1,0,0,0,1,0
1,2,5,17,75,0,1,0,0,1,1,0,0,1,1,0,0,0,2,1,1,1,0,0,0
1,2,3,18,60,1,1,1,1,1,1,1,0,1,1,1,1,1,1,0,0,1,0,0,0
1,1,1,20,39,1,1,1,1,1,1,1,0,1,1,1,1,1,1,0,0,0,1,0,0
1,2,5,18,26,1,1,0,1,0,1,1,1,1,0,1,1,0,1,0,0,1,0,0,0
1,2,5,11,37,0,1,1,1,0,1,1,0,1,1,0,0,0,1,0,1,1,0,0,0
1,2,5,16,30,0,1,0,0,1,0,0,0,1,1,0,0,0,2,1,1,1,0,0,0
2,1,4,13,40,1,1,1,1,1,1,1,1,1,1,1,0,1,2,0,1,0,0,1,0
1,1,1,16,54,0,1,1,1,0,1,0,1,0,1,1,0,0,2,1,1,0,1,0,0
1,2,2,14,83,1,1,1,0,1,1,0,1,1,0,0,0,0,2,1,1,1,0,0,0
1,2,1,12,43,0,0,0,1,1,1,0,1,1,0,0,0,0,3,1,1,1,1,0,0
1,2,5,12,50,0,1,1,1,1,1,1,1,1,1,0,1,0,2,0,0,1,0,0,0
3,2,5,16,26,1,1,0,0,1,1,0,1,0,1,1,0,0,2,1,1,1,0,0,1
2,2,1,16,39,0,1,0,0,1,1,1,0,1,1,1,0,0,2,0,1,1,1,1,0
1,2,3,14,58,1,1,1,1,1,0,0,0,1,1,1,0,0,2,1,1,1,0,0,0
1,2,2,12,82,1,1,1,1,0,1,0,0,0,1,0,0,0,2,1,1,1,0,0,0
1,2,5,12,89,1,1,1,0,0,1,1,1,1,1,1,1,1,2,0,0,1,0,0,0
1,1,5,18,39,1,1,1,1,1,1,0,1,1,1,1,0,1,2,1,1,0,0,0,0
1,2,1,18,58,1,1,1,1,1,1,0,1,1,1,1,0,1,2,1,1,1,1,0,0
1,2,3,16,53,1,1,1,0,1,1,1,0,0,1,0,0,0,2,0,1,1,0,0,0
1,1,5,16,58,1,1,1,0,0,1,1,1,1,1,1,1,0,2,0,0,0,0,0,0
1,2,4,13,49,0,1,1,0,1,1,1,1,1,1,0,1,1,2,0,0,1,0,0,0
1,1,5,12,52,1,1,1,1,1,1,1,1,1,0,0,1,0,1,0,0,0,0,0,0
3,1,2,13,66,0,1,1,1,1,1,1,1,1,1,1,0,1,2,0,1,0,0,0,1
1,2,1,14,42,0,1,1,1,1,1,0,1,0,1,1,0,1,2,1,1,1,1,0,0
1,1,1,16,75,0,1,1,1,1,1,1,1,1,0,1,0,1,1,0,1,0,1,0,0
1,2,1,18,51,1,1,1,1,1,1,0,1,0,1,1,0,1,2,1,1,1,1,0,0
3,1,1,18,54,0,1,1,0,0,1,1,0,1,1,0,1,0,2,0,0,0,1,0,1
1,1,1,17,72,1,1,1,1,0,1,1,1,1,1,1,1,1,2,0,0,0,1,0,0
1,1,5,14,37,0,1,1,0,0,1,1,1,1,1,0,0,1,1,0,1,0,0,0,0
2,2,3,11,55,1,1,1,0,0,0,0,1,0,1,0,0,0,3,1,1,1,0,1,0
3,1,5,11,18,0,0,0,1,0,1,1,1,1,1,0,0,0,1,0,1,0,0,0,1
2,1,3,15,66,1,1,1,1,1,1,1,1,1,1,0,1,1,2,0,0,0,0,1,0
3,1,1,18,29,1,1,0,1,1,1,0,0,1,1,0,0,1,2,1,1,0,1,0,1
3,1,1,13,36,1,1,1,1,1,1,1,1,1,1,1,0,1,2,0,1,0,1,0,1
1,2,1,17,26,1,1,1,0,0,1,0,0,1,1,1,0,0,2,1,1,1,1,0,0
1,2,5,15,26,1,1,1,1,1,1,1,1,1,1,1,1,1,2,0,0,1,0,0,0
1,2,3,14,62,0,1,1,0,1,1,1,1,1,1,0,0,0,1,0,1,1,0,0,0
1,1,5,14,22,0,1,1,1,0,1,1,1,1,1,1,0,1,1,0,1,0,0,0,0
1,1,5,15,23,0,1,1,1,0,1,1,0,0,0,0,0,0,1,0,1,0,0,0,0
2,2,3,12,59,0,1,0,0,0,0,0,1,1,1,0,0,0,2,1,1,1,0,1,0
1,1,4,12,35,1,1,1,1,1,1,1,1,1,0,0,1,1,1,0,0,0,0,0,0
1,1,5,14,27,1,1,1,1,1,1,0,0,1,0,0,1,1,2,1,0,0,0,0,0
1,2,5,16,32,0,1,1,0,1,1,1,1,1,1,1,0,0,2,0,1,1,0,0,0
1,2,1,18,58,1,1,1,1,1,1,0,1,1,1,1,0,1,2,1,1,1,1,0,0
1,2,1,16,40,1,1,1,1,1,1,1,1,1,1,1,1,1,2,0,0,1,1,0,0
1,2,1,10,68,1,0,1,1,0,1,1,1,1,1,0,0,1,2,0,1,1,1,0,0
1,1,1,14,72,1,1,1,1,0,1,0,1,1,1,1,0,1,3,1,1,0,1,0,0
1,2,1,16,38,1,1,1,1,1,1,1,1,1,1,1,1,1,2,0,0,1,1,0,0
1,2,1,15,50,0,1,1,0,1,1,1,1,1,1,1,0,1,2,0,1,1,1,0,0
1,1,1,12,71,1,1,0,1,0,0,0,1,1,0,1,0,0,3,1,1,0,1,0,0
1,2,1,14,62,0,1,1,1,1,1,0,1,1,1,1,0,0,2,1,1,1,1,0,0
1,2,3,15,78,0,0,1,0,1,1,0,0,0,0,0,1,0,2,1,0,1,0,0,0
1,1,1,16,29,1,1,1,1,1,1,1,1,1,1,1,1,1,2,0,0,0,1,0,0
1,2,3,14,42,1,1,1,1,1,0,0,0,1,1,1,0,1,3,1,1,1,0,0,0
1,1,1,12,46,0,1,1,1,0,1,1,1,1,1,0,1,0,2,0,0,0,1,0,0
1,2,1,12,49,0,1,1,0,0,1,0,1,1,0,0,0,0,2,1,1,1,1,0,0
1,2,3,9,50,0,1,1,1,0,1,0,1,1,0,1,0,1,2,1,1,1,0,0,0
1,2,5,13,20,1,1,1,0,0,1,1,1,1,1,0,0,1,2,0,1,1,0,0,0
1,1,5,16,27,1,1,1,1,1,1,1,1,1,1,1,1,1,2,0,0,0,0,0,0
1,2,3,16,56,0,1,1,0,1,1,0,1,1,0,1,0,0,1,1,1,1,0,0,0
2,2,5,16,27,0,1,0,1,0,0,0,0,0,1,1,0,0,3,1,1,1,0,1,0
2,2,1,14,54,0,1,0,0,0,1,0,0,1,0,1,0,0,2,1,1,1,1,1,0
2,1,1,14,36,0,1,0,1,0,1,0,1,1,1,0,1,1,2,1,0,0,1,1,0
1,1,3,12,50,0,1,1,0,1,1,1,1,1,1,1,0,1,2,0,1,0,0,0,0
1,2,1,13,27,0,1,1,0,1,1,0,1,1,1,1,0,0,3,1,1,1,1,0,0
3,1,1,10,55,0,1,0,0,0,1,0,1,1,0,1,0,1,1,1,1,0,1,0,1
1,1,2,12,72,0,1,0,0,1,1,1,1,1,0,1,1,1,1,0,0,0,0,0,0
3,1,5,12,55,0,1,1,0,0,1,1,0,1,1,0,1,0,2,0,0,0,0,0,1
1,1,3,18,62,1,1,0,1,1,1,0,1,1,1,0,0,1,2,1,1,0,0,0,0
1,2,1,17,63,1,1,1,1,1,1,1,1,1,1,1,1,0,1,0,0,1,1,0,0
3,2,5,16,28,1,1,1,1,1,1,1,1,1,0,1,0,1,2,0,1,1,0,0,1
1,2,1,16,41,1,1,1,1,1,1,0,0,0,1,1,1,1,2,1,0,1,1,0,0
1,1,1,17,60,1,1,1,1,1,1,0,1,1,0,1,0,1,2,1,1,0,1,0,0
1,2,3,14,52,1,1,1,1,1,1,0,1,0,0,0,0,0,3,1,1,1,0,0,0
3,2,5,12,19,1,1,1,1,1,1,1,1,1,1,1,1,1,1,0,0,1,0,0,1
1,1,5,14,21,0,1,1,0,0,1,1,0,1,1,1,1,1,2,0,0,0,0,0,0
1,1,1,16,42,0,1,1,1,0,1,1,1,1,1,1,1,1,1,0,0,0,1,0,0
3,2,4,14,33,1,0,1,0,0,0,0,1,1,1,0,0,0,2,1,1,1,0,0,1
2,1,3,15,54,1,1,1,0,0,1,0,1,0,1,0,0,0,3,1,1,0,0,1,0
1,2,1,14,54,1,1,0,1,1,1,0,1,1,1,1,0,1,1,1,1,1,1,0,0
1,2,5,14,24,0,1,1,0,1,1,1,1,1,1,1,1,1,2,0,0,1,0,0,0
1,1,1,17,50,1,1,1,1,1,1,1,1,1,1,1,0,1,1,0,1,0,1,0,0
1,1,1,9,44,1,1,1,1,1,1,1,1,1,1,0,1,1,2,0,0,0,1,0,0
1,1,4,13,60,1,1,1,1,1,1,0,1,1,1,1,0,1,2,1,1,0,0,0,0
1,1,3,18,48,0,1,0,0,1,1,1,1,1,0,1,0,0,1,0,1,0,0,0,0
1,1,5,18,49,0,1,1,1,1,1,1,1,1,1,1,1,1,1,0,0,0,0,0,0
1,2,5,15,21,1,1,1,1,1,1,0,1,1,0,0,0,0,2,1,1,1,0,0,0
1,2,1,14,82,1,1,1,0,1,1,0,1,1,1,0,1,1,2,1,0,1,1,0,0
2,2,4,12,51,0,1,0,1,0,1,1,0,1,1,0,1,0,2,0,0,1,0,1,0
2,1,1,14,41,0,1,1,0,0,1,0,1,1,0,1,0,0,3,1,1,0,1,1,0
1,1,5,12,35,0,1,1,1,1,1,1,1,1,0,0,1,1,1,0,0,0,0,0,0
2,1,5,12,22,0,1,0,0,1,1,1,0,0,1,1,0,0,2,0,1,0,0,1,0
1,2,1,12,60,0,1,0,1,1,1,0,1,0,1,1,1,0,1,1,0,1,1,0,0
1,2,5,17,33,1,1,1,1,1,1,1,1,1,1,1,0,1,2,0,1,1,0,0,0
1,1,2,15,51,1,1,0,1,0,1,0,1,1,0,1,1,1,2,1,0,0,0,0,0
1,1,5,15,22,1,1,1,1,0,1,1,1,1,0,1,0,1,2,0,1,0,0,0,0
1,2,1,13,20,0,0,1,0,0,1,0,0,0,1,1,0,1,2,1,1,1,1,0,0
1,2,1,13,35,1,1,1,1,1,1,0,1,1,0,0,0,0,2,1,1,1,1,0,0
1,2,3,14,59,1,1,1,1,1,1,0,1,1,1,0,0,1,2,1,1,1,0,0,0
1,2,2,15,85,0,1,1,0,0,0,0,1,0,0,0,1,0,3,1,0,1,0,0,0
1,1,3,15,48,0,1,1,0,0,1,0,0,1,0,1,0,1,1,1,1,0,0,0,0
1,1,5,16,46,0,1,1,1,0,1,1,0,0,1,0,0,1,2,0,1,0,0,0,0
3,2,5,12,29,0,1,0,0,0,1,1,0,1,0,0,1,0,2,0,0,1,0,0,1
2,1,1,16,43,0,0,0,0,1,1,0,0,1,0,1,1,1,3,1,0,0,1,1,0
3,2,4,14,39,0,1,0,1,1,0,0,0,1,1,1,1,0,2,1,0,1,0,0,1
1,2,5,14,26,1,1,1,0,1,1,0,1,1,1,1,0,0,1,1,1,1,0,0,0
2,1,1,13,61,0,1,0,0,0,1,0,1,0,1,0,0,0,3,1,1,0,1,1,0
2,2,5,10,19,0,1,0,1,0,1,1,0,0,0,0,1,0,3,0,0,1,0,1,0
2,2,5,11,25,0,1,0,0,0,1,1,0,1,0,1,0,0,3,0,1,1,0,1,0
2,2,1,14,56,0,0,1,0,0,1,0,1,1,1,1,0,0,3,1,1,1,1,1,0
2,2,5,2,42,1,0,1,0,1,1,0,0,1,0,1,0,1,1,1,1,1,0,1,0
3,2,3,18,46,0,1,1,1,0,1,0,1,1,1,0,0,0,2,1,1,1,0,0,1
2,2,5,11,49,0,1,1,0,1,0,0,1,0,0,1,0,0,3,1,1,1,0,1,0
2,2,3,13,36,0,1,1,1,0,0,0,0,0,0,0,0,0,2,1,1,1,0,1,0
2,2,5,11,30,0,0,0,0,1,1,0,0,1,1,1,0,0,3,1,1,1,0,1,0
1,2,3,12,77,0,1,1,0,1,0,0,1,1,1,1,0,0,2,1,1,1,0,0,0
1,1,5,17,23,0,1,1,1,1,1,1,1,1,1,1,1,0,2,0,0,0,0,0,0
1,2,1,15,44,0,1,1,0,1,1,0,1,0,1,0,0,1,2,1,1,1,1,0,0
1,2,1,16,24,1,1,1,1,1,1,1,0,0,1,1,0,0,2,0,1,1,1,0,0
1,2,1,2,27,1,1,1,1,1,1,0,1,1,1,1,0,1,3,1,1,1,1,0,0
2,2,3,13,46,0,1,0,0,0,1,0,1,1,0,1,1,0,3,1,0,1,0,1,0
2,1,3,3,73,0,0,0,0,0,0,0,0,0,0,0,0,0,3,1,1,0,0,1,0
1,1,1,10,28,0,1,0,0,0,1,0,0,1,0,1,0,0,2,1,1,0,1,0,0
2,2,1,12,43,0,0,0,0,0,1,0,1,1,1,0,0,0,3,1,1,1,1,1,0
2,1,1,15,56,0,1,1,0,1,1,0,1,0,1,0,0,0,3,1,1,0,1,1,0
1,2,5,16,50,1,1,1,1,1,1,0,1,1,1,1,0,0,2,1,1,1,0,0,0
1,2,1,14,44,1,0,1,0,1,1,0,1,1,1,1,1,0,3,1,0,1,1,0,0
1,1,3,14,48,1,1,1,1,0,1,1,0,1,1,0,0,1,2,0,1,0,0,0,0
2,1,4,7,70,0,0,0,0,0,0,0,1,1,0,0,0,0,3,1,1,0,0,1,0
1,1,1,16,77,0,1,1,1,1,1,1,1,1,0,1,1,1,2,0,0,0,1,0,0
1,2,1,18,54,0,0,0,1,1,1,0,1,1,1,1,0,1,3,1,1,1,1,0,0
3,2,5,15,23,1,1,1,1,1,1,1,1,1,1,1,0,1,2,0,1,1,0,0,1
2,1,5,14,30,0,0,1,1,0,1,0,0,1,1,0,1,1,2,1,0,0,0,1,0
1,2,3,14,74,0,1,1,0,1,1,0,1,1,1,1,0,1,2,1,1,1,0,0,0
2,2,3,15,39,0,1,1,1,0,1,0,0,1,1,0,1,0,3,1,0,1,0,1,0
1,2,5,13,54,1,1,1,0,1,0,0,1,1,1,0,0,0,3,1,1,1,0,0,0
2,2,3,14,55,1,0,0,0,0,1,1,1,1,1,0,0,0,3,0,1,1,0,1,0
2,1,5,15,41,0,1,1,0,0,1,0,1,1,0,0,1,0,2,1,0,0,0,1,0
2,2,1,13,47,1,1,1,1,0,1,0,1,1,0,0,1,0,3,1,0,1,1,1,0
1,2,1,14,39,1,1,1,1,1,1,1,1,1,1,1,1,1,3,0,0,1,1,0,0
1,2,1,9,43,0,0,1,0,0,1,1,0,1,1,0,0,0,2,0,1,1,1,0,0
2,2,5,14,37,0,1,1,0,1,0,0,1,1,1,0,0,1,3,1,1,1,0,1,0
1,1,5,18,34,1,1,1,1,1,1,1,1,1,0,1,1,1,2,0,0,0,0,0,0
2,2,3,16,43,1,1,0,0,1,0,0,1,0,1,0,0,0,2,1,1,1,0,1,0
2,2,3,16,33,0,1,1,1,1,1,0,1,1,1,0,0,1,2,1,1,1,0,1,0
2,1,1,12,42,0,0,0,0,1,0,0,1,1,1,0,0,0,3,1,1,0,1,1,0
1,2,1,18,46,1,1,1,0,1,0,1,1,1,0,0,0,0,2,0,1,1,1,0,0
1,1,1,16,49,1,1,1,1,0,1,1,1,1,1,1,1,1,2,0,0,0,1,0,0
2,2,5,19,32,1,0,1,1,0,1,0,0,1,1,1,0,0,3,1,1,1,0,1,0
1,2,1,7,79,0,0,1,1,0,0,0,0,1,0,0,0,0,3,1,1,1,1,0,0
3,1,1,16,36,0,0,1,1,0,1,0,0,1,0,0,1,0,1,1,0,0,1,0,1
3,1,1,16,48,0,1,1,1,0,1,0,1,1,0,0,0,0,2,1,1,0,1,0,1
1,1,1,16,44,1,1,1,1,1,1,1,1,1,1,1,1,1,2,0,0,0,1,0,0
1,2,1,16,52,1,1,1,1,1,1,1,1,1,0,1,0,1,3,0,1,1,1,0,0
1,2,1,17,74,0,1,1,1,1,1,1,1,1,0,0,0,0,2,0,1,1,1,0,0
1,1,1,12,49,0,0,1,0,0,1,1,1,0,1,0,0,0,2,0,1,0,1,0,0
3,1,1,12,24,0,1,1,1,0,1,0,0,1,1,1,1,0,2,1,0,0,1,0,1
1,1,1,16,77,1,1,0,0,0,0,0,0,0,0,1,0,0,3,1,1,0,1,0,0
1,2,1,20,39,1,1,1,1,1,1,1,1,1,1,1,1,1,2,0,0,1,1,0,0
3,1,1,14,54,0,1,1,0,0,1,0,0,0,1,1,1,0,1,1,0,0,1,0,1
2,2,2,15,46,0,1,1,0,0,1,0,1,0,0,0,0,0,3,1,1,1,0,1,0
1,1,1,18,52,0,1,1,1,0,1,1,0,1,0,1,0,1,1,0,1,0,1,0,0
2,2,5,12,66,0,0,0,0,0,0,0,0,0,0,0,0,0,3,1,1,1,0,1,0
2,2,5,12,32,0,1,1,0,1,0,1,0,1,0,0,0,1,3,0,1,1,0,1,0
2,1,5,19,37,0,1,1,1,0,1,1,0,1,1,1,1,1,2,0,0,0,0,1,0
1,2,1,18,35,1,1,1,1,1,1,1,1,1,1,1,1,1,1,0,0,1,1,0,0
1,1,1,16,66,0,1,0,1,0,1,0,1,1,0,1,1,1,2,1,0,0,1,0,0
1,2,1,16,42,0,1,1,0,1,1,0,1,0,1,0,0,0,2,1,1,1,1,0,0
1,1,1,16,62,0,1,1,1,1,1,0,1,1,0,0,1,1,2,1,0,0,1,0,0
1,1,1,18,69,1,1,1,1,1,1,1,1,1,0,1,1,1,1,0,0,0,1,0,0
1,2,3,12,70,1,1,1,0,1,0,1,1,0,1,0,0,0,2,0,1,1,0,0,0
1,2,1,12,45,1,0,1,1,1,1,0,1,1,1,1,0,0,3,1,1,1,1,0,0
1,2,1,12,61,1,1,0,0,1,1,1,1,0,1,1,1,0,2,0,0,1,1,0,0
1,2,1,13,37,1,1,1,0,1,1,1,1,1,0,0,1,0,1,0,0,1,1,0,0
1,2,1,12,59,0,1,1,0,1,1,0,1,0,1,0,1,0,2,1,0,1,1,0,0
1,1,5,12,21,1,1,1,1,0,1,1,1,1,0,1,0,1,1,0,1,0,0,0,0
1,2,1,17,31,0,1,1,0,1,0,0,1,1,1,1,0,0,2,1,1,1,1,0,0
1,2,1,12,51,0,0,0,0,1,0,1,1,1,0,1,0,1,1,0,1,1,1,0,0
1,1,1,16,40,0,1,0,1,1,1,1,1,1,0,1,1,1,1,0,0,0,1,0,0
1,2,2,10,87,0,1,1,1,0,1,0,1,1,1,1,0,0,3,1,1,1,0,0,0
2,2,1,14,52,1,1,1,0,1,1,0,0,1,1,1,0,0,3,1,1,1,1,1,0
1,2,1,16,24,1,1,1,1,1,1,0,0,1,1,1,1,1,3,1,0,1,1,0,0
2,1,5,11,23,0,1,1,1,0,1,0,0,1,0,1,0,0,3,1,1,0,0,1,0
2,1,5,16,48,0,1,1,1,0,1,0,1,1,1,1,1,0,2,1,0,0,0,1,0
2,2,3,14,47,0,0,1,0,1,1,0,1,1,0,0,0,0,2,1,1,1,0,1,0
1,1,1,19,49,1,1,1,1,1,1,1,1,1,0,1,0,1,2,0,1,0,1,0,0
2,2,1,14,50,0,1,1,1,0,1,0,0,0,1,0,0,0,3,1,1,1,1,1,0
1,1,3,16,51,0,1,1,1,1,1,1,1,1,1,1,1,1,1,0,0,0,0,0,0
1,2,5,16,23,1,1,0,1,1,1,0,1,1,1,1,0,1,2,1,1,1,0,0,0
1,2,1,12,44,0,1,1,1,0,0,0,1,1,0,1,0,1,3,1,1,1,1,0,0
1,2,3,15,50,1,1,1,1,1,1,1,1,0,0,1,1,1,1,0,0,1,0,0,0
1,1,1,12,57,0,1,1,0,0,0,1,1,1,0,0,0,1,2,0,1,0,1,0,0
1,2,2,13,69,0,0,1,1,0,1,1,0,1,1,0,1,1,3,0,0,1,0,0,0
1,1,5,12,31,1,1,1,1,1,1,0,0,1,0,0,0,1,2,1,1,0,0,0,0
1,2,1,14,80,1,1,0,1,0,1,0,1,1,0,0,0,0,2,1,1,1,1,0,0
1,2,1,16,39,1,1,1,1,1,1,0,0,0,1,1,1,1,2,1,0,1,1,0,0
1,2,1,12,44,1,1,1,1,1,0,0,0,1,1,0,0,1,3,1,1,1,1,0,0
1,2,1,18,52,0,1,1,0,1,1,1,1,1,1,0,1,1,2,0,0,1,1,0,0
1,1,1,10,62,0,1,1,0,0,1,0,1,1,1,0,0,0,2,1,1,0,1,0,0
1,1,1,16,42,1,1,1,1,1,1,1,1,1,1,1,1,1,1,0,0,0,1,0,0
1,2,5,18,30,1,1,0,1,1,1,1,1,1,1,1,0,1,1,0,1,1,0,0,0
1,2,1,16,38,1,1,1,1,1,1,1,1,1,1,1,1,0,2,0,0,1,1,0,0
1,1,3,13,43,1,1,1,1,0,1,1,1,1,0,0,1,1,2,0,0,0,0,0,0
1,2,3,16,56,1,1,1,0,1,1,0,1,0,0,1,0,0,1,1,1,1,0,0,0
1,2,5,12,80,0,0,1,0,0,1,0,0,1,0,0,0,0,2,1,1,1,0,0,0
2,2,4,15,46,1,1,1,1,1,1,0,0,1,1,1,1,1,2,1,0,1,0,1,0
1,2,1,12,67,1,1,1,0,0,1,0,1,1,1,1,0,0,2,1,1,1,1,0,0
1,1,1,14,58,1,1,0,1,1,1,0,1,1,1,1,0,1,2,1,1,0,1,0,0
1,2,1,12,69,0,1,0,0,1,1,0,1,0,1,0,0,1,2,1,1,1,1,0,0
1,1,5,13,48,1,1,1,1,1,1,0,1,1,1,1,1,1,2,1,0,0,0,0,0
2,2,5,16,21,1,1,1,1,1,1,0,1,1,1,1,0,1,2,1,1,1,0,1,0
2,2,3,12,38,1,1,1,1,1,1,0,1,1,1,0,0,1,3,1,1,1,0,1,0
1,1,1,14,50,1,1,1,1,1,1,0,1,1,1,1,0,0,3,1,1,0,1,0,0
2,2,5,16,39,1,1,1,1,0,1,0,1,1,1,0,0,1,2,1,1,1,0,1,0
1,2,2,15,53,0,1,1,0,1,0,0,1,0,1,0,0,0,3,1,1,1,0,0,0
1,2,1,9,28,0,1,1,0,0,1,1,0,0,0,0,0,0,2,0,1,1,1,0,0
1,2,1,12,84,0,0,1,0,1,0,0,1,0,0,0,0,0,2,1,1,1,1,0,0
1,1,1,16,26,1,1,1,1,1,1,1,1,1,1,1,1,1,2,0,0,0,1,0,0
1,1,5,16,27,1,1,1,1,1,1,0,1,1,1,1,0,1,2,1,1,0,0,0,0
2,2,5,14,20,1,0,0,0,1,0,0,0,0,1,1,0,0,3,1,1,1,0,1,0
1,1,5,13,30,0,1,1,1,0,0,0,1,1,1,0,0,1,3,1,1,0,0,0,0
1,2,1,12,46,0,1,1,1,1,1,0,0,1,0,0,0,0,3,1,1,1,1,0,0
1,2,2,13,79,0,1,1,0,1,0,0,0,1,1,0,0,1,3,1,1,1,0,0,0
1,1,1,13,62,0,1,1,1,0,1,0,1,0,0,0,0,0,2,1,1,0,1,0,0
1,1,1,12,35,0,1,1,1,0,1,0,0,1,1,0,0,1,3,1,1,0,1,0,0
1,2,1,14,39,1,1,1,1,0,1,0,1,1,0,1,0,1,3,1,1,1,1,0,0
1,2,1,12,49,0,1,1,0,1,1,1,1,1,0,0,1,1,2,0,0,1,1,0,0
3,2,5,12,20,1,0,0,0,0,1,1,1,1,1,1,1,0,1,0,0,1,0,0,1
1,1,5,17,25,1,1,1,1,0,1,1,1,0,0,1,0,1,2,0,1,0,0,0,0
1,1,3,14,55,0,1,1,0,0,0,1,1,0,1,0,0,0,2,0,1,0,0,0,0
1,1,1,12,35,1,1,1,1,1,1,1,1,1,0,1,1,1,2,0,0,0,1,0,0
2,1,3,13,58,0,1,1,1,0,1,0,1,0,0,1,0,1,2,1,1,0,0,1,0
1,2,1,18,62,1,1,1,1,1,1,1,1,1,1,1,1,1,2,0,0,1,1,0,0
1,1,1,20,72,0,1,0,1,1,0,0,1,0,0,1,0,1,2,1,1,0,1,0,0
1,2,1,16,87,0,0,1,0,0,1,0,1,0,0,0,0,0,2,1,1,1,1,0,0
1,1,1,16,68,1,1,1,1,1,1,1,1,0,1,1,1,1,2,0,0,0,1,0,0
1,1,3,16,30,1,1,1,1,1,1,1,1,1,1,1,1,1,1,0,0,0,0,0,0
1,2,5,15,37,1,1,1,0,1,1,1,0,1,1,1,1,0,2,0,0,1,0,0,0
3,1,3,11,48,0,1,1,0,0,0,0,0,1,0,1,0,0,2,1,1,0,0,0,1
1,2,1,19,26,1,1,0,0,0,1,0,1,1,1,1,0,1,3,1,1,1,1,0,0
1,1,1,16,86,0,1,1,0,0,0,0,1,1,0,1,0,1,2,1,1,0,1,0,0
1,2,1,14,82,0,1,1,1,1,0,1,1,0,1,0,0,0,2,0,1,1,1,0,0
1,2,3,14,49,0,1,1,0,0,1,0,0,0,0,0,0,0,2,1,1,1,0,0,0
1,2,5,18,24,1,1,1,0,0,1,1,1,1,1,0,1,0,3,0,0,1,0,0,0
1,2,1,15,36,1,1,0,1,1,1,0,1,1,1,1,0,1,3,1,1,1,1,0,0
1,2,1,16,23,1,1,1,1,1,1,1,1,1,1,1,0,1,2,0,1,1,1,0,0
2,2,1,16,49,0,1,1,1,0,1,0,1,1,1,1,0,0,3,1,1,1,1,1,0
1,2,3,17,34,0,0,1,1,0,1,1,1,1,0,1,0,0,2,0,1,1,0,0,0
1,1,5,17,35,1,1,1,1,1,1,1,1,1,1,1,1,1,1,0,0,0,0,0,0
2,2,5,14,40,1,1,1,0,0,1,1,1,1,1,1,1,0,2,0,0,1,0,1,0
1,1,5,13,54,0,1,1,1,0,1,0,1,1,0,1,0,0,2,1,1,0,0,0,0
1,1,1,19,28,0,1,1,1,1,1,1,1,0,0,1,1,0,2,0,0,0,1,0,0
1,2,3,10,37,1,1,1,0,0,1,1,1,1,0,1,0,0,1,0,1,1,0,0,0
1,1,1,12,39,0,1,1,1,0,1,0,1,1,0,0,0,0,2,1,1,0,1,0,0
1,1,5,12,19,0,1,1,1,0,1,0,0,1,0,1,0,1,3,1,1,0,0,0,0
1,1,1,18,34,1,1,1,1,1,1,1,1,1,1,1,0,1,2,0,1,0,1,0,0
1,2,1,12,39,0,1,1,0,1,1,0,1,1,0,0,0,1,2,1,1,1,1,0,0
1,2,1,20,65,0,1,1,1,1,1,1,1,1,1,1,1,1,2,0,0,1,1,0,0
1,1,3,16,65,1,1,1,1,1,1,1,1,1,1,1,1,1,1,0,0,0,0,0,0
1,1,1,16,80,0,1,1,0,0,1,0,1,1,1,1,0,0,2,1,1,0,1,0,0
1,1,4,12,64,1,1,1,1,1,1,1,1,1,1,1,1,1,2,0,0,0,0,0,0
3,2,1,14,59,1,0,1,1,1,1,0,1,1,1,1,0,1,3,1,1,1,1,0,1
1,1,3,12,50,1,1,1,1,0,1,0,1,1,1,1,0,1,1,1,1,0,0,0,0
1,1,5,14,35,1,1,1,1,1,1,1,1,1,0,1,0,1,1,0,1,0,0,0,0
1,1,5,12,48,0,1,1,1,1,1,1,1,1,1,1,1,0,2,0,0,0,0,0,0
1,2,1,16,42,0,1,0,1,1,1,1,1,1,1,0,0,0,3,0,1,1,1,0,0
1,2,1,13,40,0,1,1,0,1,1,0,1,1,1,0,0,0,2,1,1,1,1,0,0
1,2,3,14,82,1,1,0,0,0,1,0,0,0,0,0,1,0,2,1,0,1,0,0,0
2,2,2,9,74,0,0,0,0,1,1,1,1,1,0,0,0,0,1,0,1,1,0,1,0
1,2,1,12,53,0,1,1,1,1,0,1,0,1,1,0,1,1,1,0,0,1,1,0,0
1,2,1,12,50,0,1,1,0,0,1,1,0,1,1,1,1,0,2,0,0,1,1,0,0
1,2,5,12,52,1,0,1,0,0,1,0,1,1,0,1,1,0,2,1,0,1,0,0,0
1,2,5,12,38,0,0,0,0,0,0,1,0,0,1,1,1,0,2,0,0,1,0,0,0
1,1,1,18,53,0,1,1,1,1,1,1,1,1,1,1,1,1,2,0,0,0,1,0,0
1,2,3,15,59,1,1,1,1,1,1,1,1,1,1,1,1,1,1,0,0,1,0,0,0
3,1,3,12,52,0,1,1,0,0,1,1,1,1,0,1,1,0,1,0,0,0,0,0,1
1,1,1,16,64,0,1,0,0,1,1,0,1,1,0,1,0,1,1,1,1,0,1,0,0
1,2,2,10,64,0,1,0,1,0,0,0,0,1,1,0,0,0,3,1,1,1,0,0,0
1,1,3,11,56,1,1,1,1,0,1,0,0,1,0,0,0,1,2,1,1,0,0,0,0
1,1,1,13,79,0,1,0,1,1,0,0,1,1,1,1,0,1,2,1,1,0,1,0,0
2,2,5,12,29,0,1,1,1,0,0,0,0,0,1,1,0,0,3,1,1,1,0,1,0
1,2,2,16,65,1,1,1,1,1,1,0,1,1,1,1,1,1,2,1,0,1,0,0,0
1,2,2,12,71,1,1,1,1,1,1,1,1,0,1,1,1,0,2,0,0,1,0,0,0
1,2,1,15,73,1,1,1,1,0,1,1,0,1,1,0,1,0,1,0,0,1,1,0,0
1,2,5,13,19,1,1,1,1,1,1,0,1,1,1,1,0,1,2,1,1,1,0,0,0
2,1,5,2,29,0,0,0,0,0,0,0,0,0,0,0,0,0,3,1,1,0,0,1,0
1,2,1,2,35,0,1,1,1,1,1,1,0,1,1,1,0,1,2,0,1,1,1,0,0
1,2,1,13,48,0,0,0,0,1,1,1,1,1,0,0,1,0,2,0,0,1,1,0,0
1,2,1,17,26,1,1,1,1,1,1,1,0,1,1,1,1,0,2,0,0,1,1,0,0
1,2,1,13,52,0,1,1,1,1,1,1,0,1,1,1,0,0,2,0,1,1,1,0,0
1,1,5,18,30,0,1,1,1,1,1,1,1,1,1,1,1,1,1,0,0,0,0,0,0
3,2,5,9,23,0,1,1,0,0,0,0,0,1,0,1,0,0,1,1,1,1,0,0,1
1,1,5,12,33,0,0,0,0,0,1,0,0,1,0,1,0,0,2,1,1,0,0,0,0
1,1,5,15,21,1,1,1,1,1,1,0,1,0,1,0,0,1,1,1,1,0,0,0,0
1,1,1,12,77,0,1,1,0,0,1,0,0,0,1,0,0,0,2,1,1,0,1,0,0
1,2,2,12,70,0,1,1,1,0,1,0,1,1,1,0,0,0,2,1,1,1,0,0,0
1,1,1,17,69,0,1,1,1,1,0,1,1,1,0,0,0,1,2,0,1,0,1,0,0
2,2,5,11,27,1,1,1,0,0,0,1,0,0,0,0,0,1,1,0,1,1,0,1,0
1,2,1,12,30,0,1,1,1,1,1,1,1,1,1,1,0,0,2,0,1,1,1,0,0
1,2,4,7,37,1,0,1,0,0,0,0,1,1,1,0,0,0,2,1,1,1,0,0,0
1,2,2,12,72,0,1,1,1,0,0,0,0,1,1,0,0,0,3,1,1,1,0,0,0
1,2,1,13,53,0,1,1,1,1,1,0,1,1,0,0,0,0,3,1,1,1,1,0,0
1,2,2,12,35,0,1,1,0,0,1,1,1,1,0,0,0,0,2,0,1,1,0,0,0
1,2,2,12,82,1,1,1,0,0,0,0,0,1,0,0,0,0,2,1,1,1,0,0,0
1,2,1,13,77,0,1,0,0,1,0,0,1,1,1,1,0,0,2,1,1,1,1,0,0
1,1,5,14,23,0,1,1,1,1,1,1,1,1,0,1,0,0,1,0,1,0,0,0,0
1,2,5,15,21,1,1,1,0,0,1,1,0,1,1,0,0,0,1,0,1,1,0,0,0
1,2,1,17,36,1,1,1,0,1,1,0,1,0,0,0,1,0,1,1,0,1,1,0,0
1,2,5,12,35,0,1,1,1,1,1,1,1,1,0,0,0,1,2,0,1,1,0,0,0
1,2,1,12,64,0,1,1,0,1,1,1,0,1,1,1,1,0,2,0,0,1,1,0,0
1,2,3,14,39,0,0,1,0,0,0,1,1,1,0,1,0,0,3,0,1,1,0,0,0
1,1,1,14,44,1,1,0,0,1,1,1,1,0,0,0,1,1,2,0,0,0,1,0,0
1,1,1,16,52,0,0,1,0,1,1,0,0,0,1,0,0,0,2,1,1,0,1,0,0
1,2,5,18,25,1,1,1,1,1,1,0,0,1,0,0,1,0,1,1,0,1,0,0,0
2,2,5,14,33,0,0,0,0,0,0,0,0,0,1,0,0,0,3,1,1,1,0,1,0
2,2,1,13,52,0,1,1,1,1,1,1,1,1,0,1,0,0,3,0,1,1,1,1,0
1,1,3,13,52,0,1,1,1,1,1,1,1,1,0,1,0,1,1,0,1,0,0,0,0
1,2,4,12,43,0,1,1,0,1,1,0,0,1,0,0,0,0,2,1,1,1,0,0,0
1,2,5,18,49,0,1,1,1,0,0,0,1,1,1,1,1,1,2,1,0,1,0,0,0
1,1,5,13,42,1,1,1,1,0,1,1,1,1,0,1,1,1,1,0,0,0,0,0,0
2,2,1,12,34,1,1,1,0,0,1,0,0,0,0,0,0,0,3,1,1,1,1,1,0
1,2,5,12,22,0,1,1,1,0,1,1,1,1,0,0,0,0,2,0,1,1,0,0,0
1,1,5,13,32,0,1,1,1,1,1,0,1,1,0,1,0,1,2,1,1,0,0,0,0
1,2,3,15,55,0,1,1,1,1,0,0,1,1,1,1,0,1,2,1,1,1,0,0,0
1,2,2,10,85,0,1,0,0,0,1,1,0,1,1,1,1,0,2,0,0,1,0,0,0
1,2,2,12,86,0,1,1,0,0,0,0,0,1,0,0,0,0,3,1,1,1,0,0,0
1,1,1,17,60,0,1,1,0,0,1,1,1,1,0,1,0,1,2,0,1,0,1,0,0
1,1,2,7,75,1,0,1,0,0,1,0,0,0,0,0,0,0,2,1,1,0,0,0,0
1,2,3,12,66,0,1,1,1,1,1,1,1,1,1,0,1,0,3,0,0,1,0,0,0
1,1,5,17,50,0,0,1,1,1,1,1,1,1,0,1,1,1,1,0,0,0,0,0,0
1,2,1,11,78,0,1,1,0,0,1,1,0,1,1,0,1,0,3,0,0,1,1,0,0
1,2,5,14,20,1,1,1,0,1,1,1,1,1,1,0,1,0,1,0,0,1,0,0,0
1,1,5,12,46,0,1,1,0,0,1,1,1,1,1,1,1,0,2,0,0,0,0,0,0
1,2,3,8,72,0,1,0,0,0,0,0,0,0,1,0,0,0,3,1,1,1,0,0,0
3,2,5,12,24,0,1,1,1,1,1,1,0,0,0,0,1,0,2,0,0,1,0,0,1
1,1,3,16,69,1,1,0,1,0,1,1,1,1,0,1,1,1,1,0,0,0,0,0,0
1,2,1,14,51,0,1,1,0,1,0,0,1,1,1,1,0,0,2,1,1,1,1,0,0
2,1,1,11,28,1,1,1,1,0,1,0,1,1,1,0,0,0,3,1,1,0,1,1,0
1,1,1,18,55,1,1,1,0,1,1,1,1,1,1,1,1,1,1,0,0,0,1,0,0
1,1,3,19,54,0,1,1,1,1,1,1,1,1,0,1,0,1,2,0,1,0,0,0,0
3,1,3,13,23,1,1,1,1,0,1,1,1,1,1,1,1,1,1,0,0,0,0,0,1
1,1,5,12,43,1,1,1,1,0,1,0,1,0,1,1,0,1,1,1,1,0,0,0,0
1,2,3,12,36,0,1,1,1,0,0,1,1,1,0,1,1,1,2,0,0,1,0,0,0
3,2,1,11,27,0,1,1,0,0,1,0,1,1,1,0,0,0,3,1,1,1,1,0,1
1,1,1,16,67,0,1,1,0,1,1,0,1,1,0,0,0,1,2,1,1,0,1,0,0
1,1,2,18,75,0,1,1,0,0,1,0,1,0,0,1,0,0,2,1,1,0,0,0,0
1,2,5,12,22,0,1,0,1,1,1,0,1,1,1,1,0,0,2,1,1,1,0,0,0
1,2,3,7,64,0,1,1,0,0,1,0,0,0,0,0,0,0,3,1,1,1,0,0,0
1,2,1,12,65,0,1,1,1,1,1,0,1,1,1,0,0,1,3,1,1,1,1,0,0
1,2,1,12,47,1,1,1,0,1,1,1,1,1,1,0,0,0,2,0,1,1,1,0,0
1,2,1,16,29,1,1,1,0,0,0,0,1,1,1,1,0,0,3,1,1,1,1,0,0
1,2,1,16,28,1,1,1,1,1,1,0,1,1,1,1,0,1,3,1,1,1,1,0,0
1,2,1,9,65,0,1,0,0,0,1,0,1,0,1,1,0,0,2,1,1,1,1,0,0
1,2,3,18,40,1,1,1,1,1,1,0,1,1,1,1,1,0,2,1,0,1,0,0,0
1,1,1,12,48,1,1,1,1,0,1,0,1,1,1,0,0,0,2,1,1,0,1,0,0
1,2,3,15,37,1,1,1,0,1,1,1,1,1,1,0,1,1,1,0,0,1,0,0,0
1,1,2,19,75,0,1,1,0,1,1,1,1,1,1,1,0,0,2,0,1,0,0,0,0
1,2,1,16,46,0,1,0,1,1,1,0,1,0,1,1,1,0,2,1,0,1,1,0,0
1,2,1,16,67,0,1,0,1,0,1,1,1,1,1,0,1,0,1,0,0,1,1,0,0
1,2,1,12,64,0,1,1,1,0,1,1,1,1,1,1,0,0,2,0,1,1,1,0,0
3,2,5,15,26,1,1,1,1,1,0,0,1,1,1,0,0,0,3,1,1,1,0,0,1
1,2,3,14,39,0,1,1,1,0,1,0,1,1,1,1,0,0,3,1,1,1,0,0,0
1,2,2,12,65,1,1,1,0,1,1,1,1,0,1,0,0,0,1,0,1,1,0,0,0
1,1,3,14,71,1,1,1,0,1,0,1,1,1,0,1,1,1,1,0,0,0,0,0,0
1,2,3,8,81,1,1,0,0,1,0,0,0,0,0,0,0,0,3,1,1,1,0,0,0
3,1,1,13,29,0,1,0,1,0,0,0,0,1,1,1,1,1,1,1,0,0,1,0,1
1,2,2,10,89,1,1,0,0,1,1,0,1,1,1,0,0,0,2,1,1,1,0,0,0
1,1,5,18,31,1,1,0,1,1,1,1,1,1,1,1,1,1,1,0,0,0,0,0,0
1,2,1,16,46,1,1,0,1,1,1,0,1,1,1,1,0,0,2,1,1,1,1,0,0
1,2,3,12,49,1,1,1,0,1,0,0,0,0,0,0,1,0,2,1,0,1,0,0,0
1,1,1,16,35,1,1,1,1,1,1,1,1,1,1,1,1,1,2,0,0,0,1,0,0
1,2,1,17,27,1,1,1,0,1,1,1,1,1,1,1,0,1,2,0,1,1,1,0,0
3,2,1,12,31,0,1,1,0,0,0,0,0,1,0,0,1,0,3,1,0,1,1,0,1
1,2,1,12,35,0,1,1,1,0,1,0,0,0,1,1,0,0,2,1,1,1,1,0,0
1,2,1,16,45,0,1,1,0,1,1,1,1,1,1,1,1,1,2,0,0,1,1,0,0
1,2,1,15,54,0,1,0,1,1,1,1,1,1,0,0,1,0,1,0,0,1,1,0,0
1,1,3,13,25,1,1,0,1,1,1,1,1,1,1,0,1,1,1,0,0,0,0,0,0
1,2,1,16,59,1,1,1,1,1,1,0,1,1,0,1,0,1,3,1,1,1,1,0,0
1,2,5,12,27,1,1,1,0,0,1,1,0,1,1,1,0,0,3,0,1,1,0,0,0
2,2,3,16,43,0,0,0,0,0,0,0,0,1,1,0,0,0,3,1,1,1,0,1,0
1,2,1,12,60,0,1,1,0,1,0,0,0,0,1,0,0,0,2,1,1,1,1,0,0
1,1,1,12,78,1,1,1,0,0,0,0,1,0,0,0,0,0,3,1,1,0,1,0,0
1,2,1,16,30,0,1,1,0,0,1,0,1,1,1,1,0,1,3,1,1,1,1,0,0
1,2,1,15,46,1,1,1,1,1,0,0,0,1,1,1,0,1,2,1,1,1,1,0,0
1,1,1,16,30,0,1,1,1,1,1,0,1,1,0,0,0,1,2,1,1,0,1,0,0
1,2,5,12,19,1,1,1,1,1,1,0,1,1,1,1,0,1,3,1,1,1,0,0,0
1,2,1,16,33,0,1,1,1,1,1,1,1,0,1,0,0,0,2,0,1,1,1,0,0
1,2,2,13,72,0,1,1,0,1,1,0,1,1,1,1,1,1,2,1,0,1,0,0,0
1,2,2,10,71,0,1,0,0,0,1,1,0,0,0,0,0,0,3,0,1,1,0,0,0
1,2,1,13,76,0,1,1,0,0,0,0,0,1,0,0,0,0,3,1,1,1,1,0,0
1,2,1,16,33,0,1,1,0,1,1,0,1,1,1,0,0,0,2,1,1,1,1,0,0
1,2,5,15,23,0,1,1,1,1,1,1,1,1,0,1,1,1,2,0,0,1,0,0,0
2,2,4,18,61,1,1,0,0,1,1,0,1,1,1,0,0,0,3,1,1,1,0,1,0
1,1,5,13,36,1,1,1,1,1,1,0,1,1,1,1,1,1,2,1,0,0,0,0,0
3,1,1,20,63,0,1,1,0,1,1,1,1,0,1,1,1,1,2,0,0,0,1,0,1
1,2,1,12,52,0,1,1,1,0,1,0,1,1,1,1,0,1,3,1,1,1,1,0,0
2,2,5,14,36,0,1,1,0,0,1,0,1,1,1,0,0,0,2,1,1,1,0,1,0
1,1,5,14,26,1,1,1,1,1,1,1,1,1,1,1,1,1,1,0,0,0,0,0,0
1,2,1,12,44,0,1,1,1,1,1,1,1,1,1,1,0,0,2,0,1,1,1,0,0
1,1,5,14,25,1,1,1,1,1,1,1,1,1,1,0,1,1,1,0,0,0,0,0,0
1,1,5,12,27,1,1,1,1,1,1,1,1,1,1,1,1,1,1,0,0,0,0,0,0
1,2,5,15,47,0,1,1,1,0,1,1,1,0,1,0,1,0,2,0,0,1,0,0,0
2,1,1,16,25,1,1,1,1,1,1,1,1,1,0,1,1,1,3,0,0,0,1,1,0
1,1,5,16,33,0,1,1,1,1,1,1,1,1,0,1,0,1,3,0,1,0,0,0,0
1,2,1,14,46,0,1,1,1,1,1,0,0,0,1,0,0,1,2,1,1,1,1,0,0
1,2,3,14,72,0,1,1,0,0,1,0,1,1,1,0,0,1,2,1,1,1,0,0,0
1,1,5,18,26,1,1,1,1,1,1,1,1,1,1,1,1,1,2,0,0,0,0,0,0
1,2,1,14,34,0,1,1,0,1,1,0,0,1,1,0,0,0,2,1,1,1,1,0,0
1,2,1,15,53,0,0,1,0,1,1,1,0,0,1,0,0,0,3,0,1,1,1,0,0
1,2,3,16,25,1,1,1,1,1,1,1,1,1,1,1,1,1,1,0,0,1,0,0,0
1,1,1,13,45,1,1,1,0,0,1,1,1,1,0,1,1,1,3,0,0,0,1,0,0
1,2,1,17,42,0,1,1,1,0,1,1,1,1,1,1,0,1,2,0,1,1,1,0,0
1,1,1,16,43,0,0,0,0,1,1,0,1,1,0,0,0,1,2,1,1,0,1,0,0
1,2,2,17,71,1,1,1,0,1,1,0,1,1,1,0,0,0,3,1,1,1,0,0,0
1,2,1,16,25,1,1,1,0,1,1,0,0,1,1,1,0,0,3,1,1,1,1,0,0
1,2,1,8,48,0,0,1,0,0,0,0,0,0,0,0,1,0,3,1,0,1,1,0,0
1,1,5,13,25,1,1,1,1,0,1,1,1,1,0,1,1,1,2,0,0,0,0,0,0
1,2,5,15,21,1,1,1,1,1,1,1,1,1,1,1,0,1,2,0,1,1,0,0,0
1,2,1,11,42,0,0,1,0,0,1,0,0,0,1,0,0,0,3,1,1,1,1,0,0
1,1,3,15,35,0,1,1,1,1,1,0,1,1,1,1,1,1,2,1,0,0,0,0,0
1,2,5,15,22,1,1,1,0,0,1,1,1,0,1,1,0,0,3,0,1,1,0,0,0
2,2,1,14,33,1,1,0,0,0,0,1,1,1,0,0,1,0,2,0,0,1,1,1,0
2,2,5,14,32,1,1,1,0,0,0,0,1,0,0,1,0,0,3,1,1,1,0,1,0
3,1,2,11,59,1,1,1,0,0,0,0,1,1,1,0,1,0,2,1,0,0,0,0,1
1,1,4,19,64,1,1,1,1,1,1,1,1,1,1,1,0,1,2,0,1,0,0,0,0
1,2,3,12,54,1,1,1,0,0,0,0,0,1,0,1,0,0,3,1,1,1,0,0,0
1,1,3,18,32,0,0,1,1,1,1,1,1,1,0,1,1,1,1,0,0,0,0,0,0
1,1,1,16,66,1,1,0,1,1,1,1,1,1,1,1,1,1,1,0,0,0,1,0,0
1,1,5,12,18,0,1,1,1,0,1,1,1,1,1,1,0,0,2,0,1,0,0,0,0
1,1,1,14,72,0,1,0,1,0,1,0,1,1,0,1,0,0,2,1,1,0,1,0,0
1,2,1,12,54,0,1,1,0,1,0,0,0,1,1,0,0,0,3,1,1,1,1,0,0
1,1,1,14,61,0,1,1,1,0,1,1,1,1,1,0,1,1,2,0,0,0,1,0,0
1,2,1,16,59,0,1,1,0,0,0,1,0,1,1,1,0,0,2,0,1,1,1,0,0
1,2,1,15,36,1,1,1,0,1,1,0,0,1,1,1,0,0,2,1,1,1,1,0,0
1,2,3,14,33,1,1,1,0,1,1,0,1,1,0,0,0,0,3,1,1,1,0,0,0
1,1,1,18,86,0,1,1,0,0,1,0,1,0,0,0,0,0,2,1,1,0,1,0,0
1,2,1,8,73,0,1,0,0,1,1,0,1,1,1,1,0,1,2,1,1,1,1,0,0
1,2,2,12,85,1,1,0,0,0,1,0,1,1,0,0,0,1,3,1,1,1,0,0,0
3,1,5,3,19,1,0,1,0,0,1,0,0,0,1,0,1,0,2,1,0,0,0,0,1
2,2,5,11,39,0,1,0,0,0,0,0,1,1,0,0,0,0,1,1,1,1,0,1,0
2,2,3,16,48,0,1,1,0,1,1,0,1,1,0,0,0,0,2,1,1,1,0,1,0
2,2,1,12,53,0,1,1,0,1,1,0,1,1,0,0,0,0,2,1,1,1,1,1,0
2,2,1,14,52,0,1,1,0,1,1,0,1,1,1,1,0,0,2,1,1,1,1,1,0
2,2,1,12,42,0,1,1,1,0,0,0,0,1,0,1,0,0,3,1,1,1,1,1,0
1,1,1,14,41,0,1,0,1,1,1,0,1,1,0,0,0,1,2,1,1,0,1,0,0
1,2,3,15,60,1,1,1,0,1,1,0,1,0,1,1,0,0,2,1,1,1,0,0,0
1,2,1,12,43,0,1,1,1,1,1,1,0,1,1,0,0,1,2,0,1,1,1,0,0
2,2,2,2,85,0,1,1,1,1,1,0,0,1,1,1,0,1,3,1,1,1,0,1,0
1,1,1,12,34,0,1,0,0,0,1,1,0,1,0,1,0,0,2,0,1,0,1,0,0
1,1,4,18,36,1,1,1,1,1,1,1,1,1,1,0,1,1,2,0,0,0,0,0,0
1,1,5,12,53,1,1,1,1,1,1,1,1,1,1,1,1,1,2,0,0,0,0,0,0
2,2,3,13,43,0,1,1,0,0,1,0,0,1,1,1,0,0,3,1,1,1,0,1,0
3,1,1,7,28,0,0,1,0,0,1,0,1,1,1,0,0,0,3,1,1,0,1,0,1
3,2,5,12,20,0,1,1,0,0,1,1,0,1,1,0,0,0,3,0,1,1,0,0,1
1,1,1,14,32,1,1,0,0,0,1,1,1,1,1,1,0,1,2,0,1,0,1,0,0
1,2,1,14,74,0,1,1,0,0,1,1,1,0,1,0,1,0,1,0,0,1,1,0,0
1,2,5,17,39,0,1,0,1,1,1,1,1,1,0,1,1,1,2,0,0,1,0,0,0
1,2,1,19,53,0,1,1,1,1,1,1,1,0,1,0,0,1,2,0,1,1,1,0,0
1,1,5,17,27,1,1,1,1,1,1,0,1,1,1,1,1,1,3,1,0,0,0,0,0
1,2,1,13,75,0,1,1,0,1,0,0,1,1,1,0,0,0,2,1,1,1,1,0,0
1,2,1,16,28,1,1,1,1,1,1,0,1,1,1,1,1,1,2,1,0,1,1,0,0
1,1,5,16,24,1,1,1,1,1,1,0,1,1,1,1,0,1,2,1,1,0,0,0,0
1,2,5,16,67,0,1,0,0,1,1,1,1,0,0,1,1,1,1,0,0,1,0,0,0
1,2,1,13,34,0,1,1,0,0,1,1,0,1,1,1,0,0,3,0,1,1,1,0,0
1,2,1,16,21,0,1,1,0,1,1,1,1,1,1,1,1,0,2,0,0,1,1,0,0
2,1,2,13,59,0,0,0,0,0,1,1,0,0,1,0,0,0,2,0,1,0,0,1,0
2,1,4,16,50,0,1,1,0,1,1,0,0,1,0,1,0,0,2,1,1,0,0,1,0
1,2,1,16,26,1,1,1,1,1,1,0,1,1,0,1,0,0,2,1,1,1,1,0,0
1,2,5,15,21,1,1,1,1,1,1,0,1,1,1,1,0,1,3,1,1,1,0,0,0
2,2,5,13,20,1,1,1,0,1,1,0,0,1,1,0,0,1,2,1,1,1,0,1,0
1,1,5,13,41,0,1,0,1,1,1,1,1,1,1,1,1,1,2,0,0,0,0,0,0
1,2,1,20,41,1,1,1,0,1,1,0,1,1,1,1,0,1,3,1,1,1,1,0,0
1,2,1,12,74,0,1,1,0,0,0,0,1,1,0,0,0,0,2,1,1,1,1,0,0
1,1,1,14,55,1,1,1,1,1,1,1,1,1,1,1,1,1,2,0,0,0,1,0,0
1,2,1,12,52,0,1,0,1,0,0,0,0,1,0,0,0,0,3,1,1,1,1,0,0
1,1,5,12,22,1,1,0,1,1,1,1,1,1,1,1,1,1,2,0,0,0,0,0,0
2,2,1,12,39,0,1,0,0,0,0,0,0,1,1,0,0,0,3,1,1,1,1,1,0
2,1,5,14,25,1,1,1,1,0,1,1,1,1,0,0,0,1,2,0,1,0,0,1,0
2,1,1,11,71,0,0,1,0,0,1,0,0,0,0,0,0,0,3,1,1,0,1,1,0
1,2,3,16,46,1,1,1,1,1,1,0,1,1,1,1,0,1,3,1,1,1,0,0,0
1,2,1,16,52,1,1,1,1,1,1,0,1,0,1,0,0,1,2,1,1,1,1,0,0
1,2,1,11,39,1,1,1,0,1,1,0,1,1,1,0,0,0,3,1,1,1,1,0,0
1,2,3,12,35,1,1,1,0,0,1,0,1,1,1,1,0,0,3,1,1,1,0,0,0
1,1,5,18,75,0,1,1,1,1,1,0,1,1,0,0,1,1,2,1,0,0,0,0,0
3,1,5,15,23,0,1,1,1,0,1,0,1,1,1,1,0,1,2,1,1,0,0,0,1
3,1,1,20,71,1,0,1,1,1,1,1,1,1,1,0,1,1,3,0,0,0,1,0,1
3,1,5,12,19,0,1,1,0,1,1,1,0,1,0,1,1,0,2,0,0,0,0,0,1
3,1,3,8,31,0,1,1,1,1,1,1,1,1,0,0,1,0,2,0,0,0,0,0,1
3,2,1,16,39,0,0,1,0,1,1,0,1,0,1,0,0,0,2,1,1,1,1,0,1
1,1,1,17,39,1,1,1,1,1,1,1,0,1,0,1,0,1,2,0,1,0,1,0,0
1,2,5,14,27,1,1,1,1,1,0,0,1,0,1,1,0,0,2,1,1,1,0,0,0
2,1,1,12,27,1,1,1,0,0,1,0,1,1,1,1,0,0,2,1,1,0,1,1,0
1,1,1,17,28,1,1,1,1,1,1,0,1,1,1,0,0,1,3,1,1,0,1,0,0
1,1,1,16,53,1,1,1,1,1,1,1,1,1,1,1,1,1,2,0,0,0,1,0,0
1,2,1,14,60,0,1,1,1,1,1,1,1,1,1,1,0,0,1,0,1,1,1,0,0
1,1,3,14,56,0,1,1,0,0,1,1,0,1,1,1,1,1,2,0,0,0,0,0,0
1,1,1,14,53,0,1,1,1,1,1,0,1,1,1,1,0,1,2,1,1,0,1,0,0
1,2,1,14,57,0,1,1,1,1,0,0,1,1,1,1,0,1,3,1,1,1,1,0,0
1,2,2,12,74,0,1,1,0,1,1,0,1,1,1,0,0,0,2,1,1,1,0,0,0
1,1,1,16,49,0,1,1,1,1,1,1,1,1,0,1,1,1,1,0,0,0,1,0,0
1,1,1,16,34,0,1,1,1,1,1,0,1,1,1,1,0,1,2,1,1,0,1,0,0
1,1,1,14,42,0,1,1,1,0,1,0,0,1,1,0,0,1,2,1,1,0,1,0,0
1,2,1,14,58,1,1,1,0,1,0,0,0,1,1,1,0,1,3,1,1,1,1,0,0
1,2,3,13,29,0,0,1,0,0,0,0,0,0,1,0,0,1,2,1,1,1,0,0,0
1,2,2,13,58,0,1,1,0,0,1,0,1,1,1,0,1,0,2,1,0,1,0,0,0
1,1,1,12,71,0,1,1,0,0,0,0,0,0,0,0,0,0,3,1,1,0,1,0,0
1,2,3,15,46,0,1,1,0,1,1,1,1,0,1,1,1,0,2,0,0,1,0,0,0
1,2,1,13,27,1,1,1,1,1,0,0,1,1,1,0,0,0,3,1,1,1,1,0,0
2,2,1,12,27,0,1,1,0,1,0,0,0,0,1,1,0,0,2,1,1,1,1,1,0
1,2,1,12,20,0,1,1,1,0,1,1,1,1,0,1,0,0,2,0,1,1,1,0,0
1,2,3,13,50,0,1,1,0,0,1,0,0,0,1,1,0,0,3,1,1,1,0,0,0
1,1,3,16,40,0,0,0,1,1,1,0,1,1,1,1,1,1,2,1,0,0,0,0,0
2,2,4,11,31,0,1,1,0,0,1,0,0,1,1,0,0,0,3,1,1,1,0,1,0
2,2,5,12,26,0,1,1,1,0,0,0,0,1,0,1,0,0,3,1,1,1,0,1,0
1,2,2,13,84,0,0,1,0,0,1,1,1,1,0,0,1,0,1,0,0,1,0,0,0
1,2,1,12,63,0,1,1,0,0,0,0,1,0,0,0,0,0,3,1,1,1,1,0,0
1,1,1,13,45,0,1,1,1,0,1,1,1,1,0,0,1,1,2,0,0,0,1,0,0
1,2,5,14,52,0,1,1,0,1,1,0,1,1,1,0,0,1,3,1,1,1,0,0,0
1,2,1,14,38,1,1,1,0,1,0,0,1,1,1,1,0,1,3,1,1,1,1,0,0
1,2,1,14,58,0,1,0,0,1,1,0,1,0,1,0,0,0,2,1,1,1,1,0,0
1,2,1,12,51,0,1,0,1,1,0,0,1,0,1,0,0,0,3,1,1,1,1,0,0
1,2,2,12,75,0,1,1,0,1,1,0,1,1,1,0,0,0,2,1,1,1,0,0,0
1,2,1,9,38,1,1,0,1,0,1,0,1,1,1,0,0,1,3,1,1,1,1,0,0
1,1,1,14,49,0,1,0,0,0,1,1,0,1,0,1,0,1,1,0,1,0,1,0,0
1,1,1,16,53,1,1,1,1,1,1,0,1,1,0,1,1,1,2,1,0,0,1,0,0
1,1,1,17,59,1,1,1,1,1,1,1,1,1,0,1,0,1,1,0,1,0,1,0,0
1,1,5,11,48,0,1,1,1,0,1,1,1,1,0,0,0,1,1,0,1,0,0,0,0
1,1,5,12,23,0,1,0,1,1,0,0,1,0,1,0,0,1,3,1,1,0,0,0,0
1,2,1,16,38,0,1,1,0,0,1,1,1,0,1,1,0,0,1,0,1,1,1,0,0
1,2,2,12,81,0,1,1,0,0,1,0,1,0,0,0,0,0,2,1,1,1,0,0,0
1,1,1,14,59,0,1,0,1,1,1,0,1,1,0,0,0,1,2,1,1,0,1,0,0
1,2,5,12,71,1,1,0,0,1,0,0,1,0,0,0,0,0,2,1,1,1,0,0,0
3,2,1,12,32,1,1,1,0,1,1,0,0,1,1,0,0,0,2,1,1,1,1,0,1
1,1,3,14,51,1,1,1,1,1,1,1,1,1,1,1,1,1,1,0,0,0,0,0,0
1,2,1,14,27,1,1,1,1,1,1,1,1,1,1,1,1,0,1,0,0,1,1,0,0
1,2,1,16,25,1,1,1,0,1,1,1,1,1,1,1,1,0,2,0,0,1,1,0,0
1,1,3,19,58,0,1,1,1,0,1,1,1,1,1,1,1,1,1,0,0,0,0,0,0
1,2,1,20,49,1,1,1,1,1,1,1,1,1,0,1,0,0,2,0,1,1,1,0,0
3,1,1,2,44,1,1,1,1,1,1,1,1,1,0,1,0,1,2,0,1,0,1,0,1
3,2,1,13,23,1,1,1,1,0,1,0,1,1,1,0,1,0,1,1,0,1,1,0,1
1,2,1,17,26,1,1,1,1,1,1,0,1,1,1,1,0,1,2,1,1,1,1,0,0
1,2,3,12,51,0,0,1,0,0,1,0,0,1,0,1,1,0,2,1,0,1,0,0,0
1,2,5,14,21,0,1,1,1,0,0,0,1,1,0,0,0,0,3,1,1,1,0,0,0
1,2,1,16,82,1,1,1,0,1,1,0,0,1,1,0,0,0,2,1,1,1,1,0,0
1,2,2,12,89,0,1,1,0,0,1,0,1,0,1,0,0,0,3,1,1,1,0,0,0
1,2,3,17,34,1,1,1,1,1,1,1,1,1,1,1,1,0,1,0,0,1,0,0,0
1,1,1,16,47,0,1,1,1,1,1,0,1,1,1,1,0,1,3,1,1,0,1,0,0
1,1,1,16,37,0,1,1,0,0,0,0,0,0,1,0,0,0,3,1,1,0,1,0,0
1,2,1,12,56,0,1,1,0,0,1,1,0,1,0,0,0,1,1,0,1,1,1,0,0
1,2,3,12,42,1,1,0,1,0,0,1,0,1,1,0,0,0,2,0,1,1,0,0,0
3,2,5,14,43,0,0,0,0,0,1,0,1,1,1,0,0,1,3,1,1,1,0,0,1
1,2,3,18,70,0,1,1,0,1,1,1,1,1,1,1,1,0,3,0,0,1,0,0,0
1,1,1,10,29,0,1,0,0,0,1,1,1,1,0,1,0,1,3,0,1,0,1,0,0
1,2,3,11,24,1,1,1,0,0,1,1,1,1,1,1,0,1,2,0,1,1,0,0,0
1,2,1,16,48,1,1,1,1,1,1,1,1,1,1,1,1,1,2,0,0,1,1,0,0
1,1,1,16,79,1,1,1,1,1,1,1,1,1,1,1,1,0,3,0,0,0,1,0,0
1,2,5,19,34,0,1,1,0,1,1,1,1,1,1,0,0,1,3,0,1,1,0,0,0
1,2,3,19,42,0,1,1,0,1,1,1,1,1,1,0,0,0,2,0,1,1,0,0,0
1,2,5,16,25,0,1,1,1,1,0,1,1,1,1,1,1,0,2,0,0,1,0,0,0
3,2,1,14,21,1,1,1,1,1,1,1,1,1,0,0,1,0,2,0,0,1,1,0,1
1,1,3,9,44,0,1,1,1,0,1,0,1,1,0,1,1,1,1,1,0,0,0,0,0
1,1,1,20,75,0,1,1,1,1,1,0,1,1,0,1,0,1,2,1,1,0,1,0,0
1,1,1,18,76,1,1,1,0,1,1,1,1,1,0,0,0,1,1,0,1,0,1,0,0
3,2,1,12,32,0,1,1,0,0,1,0,0,0,0,0,0,0,3,1,1,1,1,0,1
3,2,1,16,42,0,1,1,0,0,1,0,0,0,0,1,0,0,2,1,1,1,1,0,1
3,1,5,15,68,0,1,1,0,0,0,0,0,1,0,0,0,0,3,1,1,0,0,0,1
1,2,2,12,69,1,1,1,1,1,1,1,1,1,1,0,0,1,2,0,1,1,0,0,0
1,2,1,10,36,0,1,1,0,1,1,0,1,1,1,1,0,1,2,1,1,1,1,0,0
1,1,1,16,41,1,1,1,1,1,1,0,1,1,1,1,0,1,2,1,1,0,1,0,0
1,1,1,13,41,0,1,1,1,1,1,1,1,1,0,1,1,1,2,0,0,0,1,0,0
1,2,5,15,51,0,1,1,1,1,1,1,1,1,1,1,1,1,2,0,0,1,0,0,0
1,1,5,14,22,0,1,1,0,0,1,1,1,1,1,1,0,1,1,0,1,0,0,0,0
3,2,1,14,42,0,0,0,0,0,1,1,0,1,0,1,1,0,2,0,0,1,1,0,1
1,1,5,14,25,1,1,1,1,0,1,0,1,1,1,0,0,1,1,1,1,0,0,0,0
3,2,1,13,43,0,0,1,1,1,1,1,0,1,1,0,1,0,3,0,0,1,1,0,1
1,2,3,20,41,0,1,1,1,1,1,1,1,1,1,0,1,1,2,0,0,1,0,0,0
1,1,3,13,48,1,1,1,1,1,1,0,1,1,1,1,0,1,2,1,1,0,0,0,0
1,1,1,20,38,1,1,1,1,1,1,1,1,1,1,1,1,1,1,0,0,0,1,0,0
1,2,5,17,34,1,1,1,1,0,1,1,1,1,0,1,1,0,2,0,0,1,0,0,0
1,2,1,16,29,1,1,1,0,1,1,1,0,1,1,0,0,0,2,0,1,1,1,0,0
1,2,1,18,53,1,1,1,1,1,1,1,1,1,1,1,1,1,2,0,0,1,1,0,0
1,2,5,16,25,1,1,1,1,1,1,1,1,1,1,0,0,0,2,0,1,1,0,0,0
1,2,5,16,29,0,1,1,1,0,1,1,1,1,0,1,1,1,2,0,0,1,0,0,0
1,2,1,14,53,1,1,1,0,1,1,1,1,0,1,0,0,0,2,0,1,1,1,0,0
1,1,1,19,80,1,1,1,0,1,1,1,1,1,0,1,0,1,1,0,1,0,1,0,0
1,1,1,16,59,1,1,1,1,1,1,0,1,1,1,1,0,1,2,1,1,0,1,0,0
1,1,1,12,25,1,1,1,1,0,1,0,0,1,1,0,0,0,2,1,1,0,1,0,0
1,2,2,18,68,1,1,1,0,1,1,1,1,1,1,0,1,1,1,0,0,1,0,0,0
1,2,3,12,46,0,1,1,0,1,1,1,1,1,0,0,0,0,2,0,1,1,0,0,0
3,2,5,13,57,0,1,1,0,0,1,0,0,1,0,0,0,0,1,1,1,1,0,0,1
1,1,3,15,60,0,1,1,0,0,1,1,1,1,0,0,0,1,2,0,1,0,0,0,0
1,2,1,14,64,0,1,1,1,0,1,0,1,1,1,0,0,1,2,1,1,1,1,0,0
1,2,5,8,47,1,1,0,0,0,1,1,1,1,0,0,1,0,1,0,0,1,0,0,0
1,2,5,9,49,0,0,1,1,0,1,0,1,1,1,1,0,0,3,1,1,1,0,0,0
1,1,5,18,33,0,1,1,1,1,1,1,1,1,1,1,0,1,2,0,1,0,0,0,0
1,1,5,11,24,0,1,1,1,1,1,0,1,1,1,1,0,1,3,1,1,0,0,0,0
1,1,1,15,56,0,1,0,0,0,1,0,0,1,0,0,0,0,3,1,1,0,1,0,0
1,2,3,15,70,1,1,1,0,1,1,1,1,0,1,0,0,0,2,0,1,1,0,0,0
1,2,2,20,79,1,1,1,0,1,1,1,1,1,1,0,0,0,2,0,1,1,0,0,0
1,2,1,18,50,1,1,1,1,1,1,1,1,1,1,1,1,1,2,0,0,1,1,0,0
1,2,1,13,43,1,0,0,0,1,1,0,1,1,1,0,0,0,2,1,1,1,1,0,0
1,1,1,20,61,1,1,1,1,1,1,1,1,1,1,1,1,1,1,0,0,0,1,0,0
1,1,3,15,35,1,1,1,1,1,1,1,1,1,1,1,1,1,1,0,0,0,0,0,0
1,2,1,14,33,0,1,1,0,1,1,0,0,1,1,0,0,0,2,1,1,1,1,0,0
1,2,1,16,35,1,1,1,0,0,1,1,1,0,1,0,0,0,2,0,1,1,1,0,0
1,2,3,16,56,0,1,0,1,1,1,1,1,1,1,1,1,1,1,0,0,1,0,0,0
1,1,1,13,55,1,1,1,0,0,1,0,0,1,0,1,1,0,2,1,0,0,1,0,0
1,2,3,12,50,0,0,1,1,1,1,1,1,1,1,1,1,1,3,0,0,1,0,0,0
1,1,1,14,36,1,1,1,0,0,1,1,1,0,1,0,0,0,1,0,1,0,1,0,0
1,1,1,9,45,0,1,1,1,0,1,0,1,1,1,1,0,0,3,1,1,0,1,0,0
1,1,1,15,47,1,1,0,1,1,1,0,1,1,1,1,0,1,1,1,1,0,1,0,0
1,1,5,16,68,0,0,0,0,0,1,0,1,1,0,0,0,1,2,1,1,0,0,0,0
1,2,3,12,49,0,0,1,1,0,1,0,1,1,1,1,0,1,3,1,1,1,0,0,0
1,1,5,12,73,0,1,1,1,0,0,1,1,1,0,1,1,0,2,0,0,0,0,0,0
1,2,3,10,46,0,1,1,1,1,0,0,1,0,1,0,0,0,2,1,1,1,0,0,0
1,2,1,12,69,0,1,0,0,1,1,0,1,1,1,0,0,0,2,1,1,1,1,0,0
1,2,5,14,40,1,1,1,0,1,1,0,1,1,0,1,0,0,2,1,1,1,0,0,0
1,2,1,12,53,1,1,1,1,1,1,0,1,1,1,0,0,0,2,1,1,1,1,0,0
1,2,4,14,44,0,1,1,0,0,0,0,0,0,1,0,0,0,2,1,1,1,0,0,0
1,1,5,14,26,1,1,1,1,1,1,0,1,1,1,1,0,0,2,1,1,0,0,0,0
1,2,1,10,54,0,1,1,0,1,1,0,1,0,1,1,0,0,2,1,1,1,1,0,0
1,2,1,12,22,1,1,1,1,1,1,1,1,1,1,1,1,0,1,0,0,1,1,0,0
1,2,5,14,25,0,1,1,1,1,1,0,1,1,1,0,1,0,2,1,0,1,0,0,0
1,2,3,14,34,0,1,1,0,1,1,0,0,0,1,1,0,0,3,1,1,1,0,0,0
1,1,3,11,62,0,1,1,0,0,1,0,1,1,1,0,0,0,3,1,1,0,0,0,0
1,2,5,16,25,0,1,1,0,1,1,0,1,1,1,1,1,0,2,1,0,1,0,0,0
1,2,4,12,49,1,1,1,0,1,0,1,1,1,1,1,0,1,2,0,1,1,0,0,0
1,2,4,12,49,1,1,1,1,0,1,1,0,1,0,0,0,0,3,0,1,1,0,0,0
1,1,4,15,38,1,1,1,1,1,1,1,1,0,1,1,1,1,1,0,0,0,0,0,0
1,1,3,12,61,0,1,1,0,0,1,0,0,1,1,1,0,0,2,1,1,0,0,0,0
1,2,1,9,28,1,1,1,1,0,1,0,1,1,1,0,0,0,2,1,1,1,1,0,0
1,1,1,12,60,0,1,0,1,1,0,0,1,1,1,0,0,1,3,1,1,0,1,0,0
1,2,2,12,83,0,1,1,1,1,0,0,1,0,1,0,0,0,2,1,1,1,0,0,0
1,1,3,8,67,0,1,0,0,0,1,1,1,1,0,0,0,0,2,0,1,0,0,0,0
3,1,1,10,69,0,1,1,0,0,1,1,1,1,1,1,1,0,3,0,0,0,1,0,1
1,2,2,8,86,0,1,1,0,0,0,0,0,1,0,0,0,0,2,1,1,1,0,0,0
1,2,1,14,54,0,1,1,0,1,1,0,1,1,1,0,0,0,2,1,1,1,1,0,0
1,1,2,8,87,0,0,0,0,0,0,0,1,0,0,1,0,0,2,1,1,0,0,0,0
1,2,1,12,26,0,1,1,1,0,1,0,0,1,1,1,0,1,3,1,1,1,1,0,0
1,1,3,11,64,1,1,0,0,1,1,0,1,1,1,1,0,1,2,1,1,0,0,0,0
1,2,1,12,38,0,1,1,0,1,0,0,0,0,1,0,0,1,2,1,1,1,1,0,0
1,2,5,9,27,1,1,0,1,0,1,0,1,1,1,0,0,0,3,1,1,1,0,0,0
1,1,3,12,48,0,1,1,0,1,1,0,1,1,0,0,0,0,2,1,1,0,0,0,0
1,2,1,11,25,0,1,1,1,0,1,0,0,1,1,0,0,0,3,1,1,1,1,0,0
1,1,1,12,54,0,0,0,0,1,1,0,0,0,1,0,0,0,2,1,1,0,1,0,0
1,2,1,11,27,1,1,1,1,0,1,0,1,1,0,0,0,0,3,1,1,1,1,0,0
1,2,1,9,42,0,0,0,0,0,1,0,1,1,1,0,0,0,3,1,1,1,1,0,0
1,1,1,9,32,1,1,1,0,0,0,0,0,1,0,0,0,0,1,1,1,0,1,0,0
1,1,1,12,33,1,1,1,0,0,0,0,0,1,1,0,0,0,2,1,1,0,1,0,0
1,2,1,17,43,1,1,1,0,0,1,0,1,1,1,1,0,0,2,1,1,1,1,0,0
1,2,5,14,30,0,1,1,1,1,1,1,1,1,1,1,1,1,1,0,0,1,0,0,0
1,1,3,13,55,0,1,1,0,1,1,0,1,1,0,0,0,1,3,1,1,0,0,0,0
1,1,1,12,65,1,1,1,0,1,0,0,1,1,0,0,0,0,3,1,1,0,1,0,0
1,1,1,18,25,1,1,1,1,0,1,0,1,1,1,1,0,0,1,1,1,0,1,0,0
1,2,1,13,32,1,1,1,1,1,1,0,1,1,1,1,0,1,2,1,1,1,1,0,0
1,2,5,11,30,0,0,0,1,0,1,1,0,0,1,1,0,0,3,0,1,1,0,0,0
1,2,1,16,41,1,1,1,0,1,1,1,1,1,1,1,1,1,2,0,0,1,1,0,0
1,1,1,12,70,0,1,1,0,0,0,0,0,0,0,0,0,0,3,1,1,0,1,0,0
1,2,1,8,50,0,0,1,0,0,0,0,0,0,1,0,0,0,3,1,1,1,1,0,0
1,2,1,12,43,0,0,1,1,1,1,0,1,1,1,0,0,0,3,1,1,1,1,0,0
1,2,5,9,20,1,1,1,0,0,1,0,0,1,0,1,0,1,2,1,1,1,0,0,0
1,2,1,14,43,0,1,0,0,1,0,0,0,1,1,0,0,1,3,1,1,1,1,0,0
2,2,5,12,31,0,0,0,0,0,0,0,1,0,0,0,0,1,3,1,1,1,0,1,0
2,2,3,16,53,0,1,1,1,1,1,0,0,1,1,0,0,0,3,1,1,1,0,1,0
1,1,1,8,30,0,1,1,0,1,0,0,1,1,1,0,0,0,2,1,1,0,1,0,0
2,2,3,16,44,0,1,1,0,1,0,0,1,1,1,1,0,0,3,1,1,1,0,1,0
2,1,5,14,21,0,1,1,1,0,1,0,1,1,1,0,0,1,2,1,1,0,0,1,0
2,1,1,12,30,0,1,1,0,0,0,0,0,1,0,0,0,0,3,1,1,0,1,1,0
1,2,4,11,43,0,1,1,0,0,1,0,1,0,1,1,0,0,2,1,1,1,0,0,0
1,1,1,12,34,0,1,1,0,0,1,0,0,1,0,1,1,1,3,1,0,0,1,0,0
1,2,3,14,46,0,1,1,1,0,0,0,0,1,1,0,0,0,3,1,1,1,0,0,0
1,2,4,10,74,0,1,0,0,0,0,0,0,0,1,1,0,0,3,1,1,1,0,0,0
1,2,1,20,32,1,1,1,1,1,1,1,1,1,1,1,0,0,2,0,1,1,1,0,0
1,2,5,16,22,1,1,1,1,1,1,0,1,1,1,1,0,1,3,1,1,1,0,0,0
1,2,1,11,56,0,1,1,0,0,1,1,1,0,1,0,0,0,3,0,1,1,1,0,0
1,2,5,13,24,1,1,1,1,1,1,0,1,1,1,1,0,1,2,1,1,1,0,0,0
1,2,1,12,49,1,1,0,0,0,1,0,1,0,0,1,0,0,3,1,1,1,1,0,0
1,1,1,14,60,1,1,1,1,1,0,0,1,1,0,0,0,1,3,1,1,0,1,0,0
1,2,3,11,40,1,0,1,0,0,1,1,1,1,0,1,0,1,2,0,1,1,0,0,0
1,2,1,17,45,1,1,1,0,1,1,1,0,0,1,0,1,1,2,0,0,1,1,0,0
1,2,1,14,33,1,1,1,1,1,0,0,0,1,1,1,0,1,2,1,1,1,1,0,0
1,1,3,17,35,0,1,1,1,1,1,1,1,1,1,1,0,1,3,0,1,0,0,0,0
1,2,3,9,32,0,1,1,0,0,1,0,0,1,0,0,0,0,3,1,1,1,0,0,0
1,1,5,14,27,1,1,1,0,1,1,0,1,1,0,0,0,1,3,1,1,0,0,0,0
1,2,3,16,48,1,1,1,1,1,1,1,0,1,1,0,1,0,2,0,0,1,0,0,0
1,2,1,12,57,0,1,1,1,0,1,0,1,1,1,1,0,0,3,1,1,1,1,0,0
1,1,1,10,24,1,1,1,1,0,1,0,1,1,0,1,0,1,3,1,1,0,1,0,0
1,1,3,10,55,0,1,1,0,1,1,0,1,1,0,0,1,1,3,1,0,0,0,0,0
1,2,5,12,34,1,1,1,1,0,1,1,1,1,0,1,0,1,2,0,1,1,0,0,0
1,1,5,12,19,0,0,1,0,0,1,0,1,1,0,1,0,1,3,1,1,0,0,0,0
1,1,3,10,61,0,1,1,0,0,1,0,1,1,1,0,1,0,1,1,0,0,0,0,0
1,2,1,18,63,1,1,1,0,1,1,1,1,1,1,1,0,1,1,0,1,1,1,0,0
1,2,1,12,32,0,0,0,0,1,1,0,0,1,1,0,0,1,3,1,1,1,1,0,0
1,1,3,12,28,0,1,0,1,1,1,1,1,1,1,1,1,1,2,0,0,0,0,0,0
1,1,4,9,63,0,1,1,0,0,1,0,0,0,0,0,0,0,3,1,1,0,0,0,0
1,1,1,12,42,0,1,1,0,1,0,0,0,1,1,0,0,0,3,1,1,0,1,0,0
1,1,1,12,73,1,0,0,1,0,0,0,1,0,0,0,0,1,3,1,1,0,1,0,0
1,2,3,16,30,1,1,1,1,0,1,1,1,1,0,1,0,1,2,0,1,1,0,0,0
1,1,5,12,56,0,1,1,0,1,1,1,1,1,1,1,1,1,2,0,0,0,0,0,0
2,2,5,12,48,0,0,0,0,0,1,0,1,1,0,0,0,0,3,1,1,1,0,1,0
2,2,1,6,63,0,1,0,0,0,1,0,0,0,1,0,1,0,3,1,0,1,1,1,0
1,2,1,14,47,1,1,1,1,1,0,0,0,0,1,0,0,0,3,1,1,1,1,0,0
2,1,1,12,37,1,1,0,1,0,1,0,0,1,1,0,0,0,2,1,1,0,1,1,0
1,2,1,12,57,1,1,1,0,1,1,0,0,1,1,0,0,0,2,1,1,1,1,0,0
1,1,5,14,21,1,1,1,1,0,0,0,1,1,0,0,0,0,3,1,1,0,0,0,0
2,2,3,17,51,0,1,1,0,0,0,0,0,0,1,0,0,0,3,1,1,1,0,1,0
1,2,2,8,64,0,1,0,0,0,1,0,0,0,1,0,0,0,1,1,1,1,0,0,0
1,1,3,12,53,0,1,1,0,0,1,0,0,0,1,0,0,0,2,1,1,0,0,0,0
1,2,2,12,66,0,1,1,0,1,1,0,0,1,1,0,0,0,3,1,1,1,0,0,0
2,1,1,5,62,0,1,0,0,0,1,1,0,1,1,0,1,0,3,0,0,0,1,1,0
1,2,3,12,26,0,1,1,0,0,0,1,0,1,0,0,0,0,2,0,1,1,0,0,0
1,1,5,14,36,0,1,1,1,1,1,1,1,1,1,1,1,1,2,0,0,0,0,0,0
2,2,2,11,59,0,1,1,0,0,1,0,1,1,1,0,0,0,3,1,1,1,0,1,0
2,1,5,11,49,0,0,1,1,0,1,0,1,1,0,0,1,0,3,1,0,0,0,1,0
2,1,1,16,55,1,1,1,1,1,1,0,1,1,0,1,0,0,3,1,1,0,1,1,0
2,2,1,12,23,0,0,1,0,0,1,1,0,1,0,1,1,0,3,0,0,1,1,1,0
2,1,3,12,46,0,0,1,0,0,1,0,1,1,0,1,0,0,3,1,1,0,0,1,0
3,2,1,13,20,1,1,1,0,1,1,0,0,1,0,0,0,0,3,1,1,1,1,0,1
1,2,1,14,48,0,1,1,0,0,1,0,0,0,0,1,0,0,2,1,1,1,1,0,0
1,1,3,16,58,1,1,1,1,1,1,1,1,1,1,1,0,1,1,0,1,0,0,0,0
1,1,1,12,61,0,1,1,0,0,1,0,1,1,1,0,0,0,3,1,1,0,1,0,0
1,2,1,12,76,0,0,0,0,0,1,0,0,1,1,0,0,0,3,1,1,1,1,0,0
1,2,1,12,53,0,1,1,0,0,0,0,0,1,1,1,0,0,3,1,1,1,1,0,0
1,1,1,9,73,0,0,0,0,0,0,0,0,0,0,0,0,0,1,1,1,0,1,0,0
1,2,1,20,38,1,1,1,1,1,1,1,1,1,0,0,0,1,2,0,1,1,1,0,0
2,1,5,13,22,0,1,1,1,0,1,1,1,1,1,0,0,0,3,0,1,0,0,1,0
2,2,3,15,32,0,1,1,0,1,1,0,0,1,1,1,0,0,2,1,1,1,0,1,0
1,1,3,12,63,1,0,0,0,0,0,1,0,0,0,0,0,0,3,0,1,0,0,0,0
1,2,1,10,74,0,0,1,1,0,0,0,0,1,1,0,0,0,2,1,1,1,1,0,0
1,1,1,15,62,1,1,1,1,1,1,0,1,1,1,1,0,1,3,1,1,0,1,0,0
1,2,1,12,70,1,1,0,1,0,0,0,1,0,0,0,0,0,3,1,1,1,1,0,0
2,2,2,8,62,0,1,0,0,0,1,1,0,0,1,0,0,0,3,0,1,1,0,1,0
2,2,5,11,40,0,1,1,0,0,1,0,1,1,1,1,0,1,3,1,1,1,0,1,0
2,2,5,14,30,1,0,1,0,0,0,1,0,1,1,0,0,0,3,0,1,1,0,1,0
1,1,1,12,47,0,1,1,0,0,1,0,0,0,1,0,0,0,2,1,1,0,1,0,0
1,2,5,12,24,0,0,0,0,0,0,0,0,0,0,0,0,0,3,1,1,1,0,0,0
2,2,3,13,38,0,0,1,0,1,1,0,1,1,1,0,0,0,3,1,1,1,0,1,0
1,1,1,17,24,1,1,1,1,1,1,0,1,1,1,1,0,1,2,1,1,0,1,0,0
1,2,1,12,78,0,1,0,0,0,0,0,0,0,0,1,0,0,2,1,1,1,1,0,0
2,2,5,12,26,0,1,1,1,0,0,1,0,1,0,1,0,0,3,0,1,1,0,1,0
2,2,2,14,53,1,1,1,0,1,0,0,1,0,1,0,0,0,3,1,1,1,0,1,0
1,1,5,17,25,0,1,1,0,0,1,0,0,1,0,0,1,1,2,1,0,0,0,0,0
1,1,1,12,52,0,1,1,1,0,1,0,1,1,0,0,0,1,1,1,1,0,1,0,0
2,2,4,12,36,0,1,0,0,0,1,0,1,0,0,0,0,0,3,1,1,1,0,1,0
1,2,1,11,39,0,1,1,0,0,1,0,1,1,1,0,0,1,2,1,1,1,1,0,0
1,2,1,12,72,0,1,0,0,0,1,0,0,0,1,0,0,0,2,1,1,1,1,0,0
1,2,1,13,32,0,1,1,1,1,0,0,0,1,1,1,0,0,3,1,1,1,1,0,0
1,1,5,9,65,0,1,1,0,0,0,0,0,0,1,0,0,0,3,1,1,0,0,0,0
1,2,1,10,50,0,1,0,1,1,1,0,1,1,0,1,0,0,3,1,1,1,1,0,0
1,1,5,13,27,0,1,0,1,0,0,1,1,1,0,1,0,0,2,0,1,0,0,0,0
1,2,1,15,47,0,1,1,1,1,0,0,1,1,1,1,1,1,3,1,0,1,1,0,0
1,2,2,12,50,0,1,1,1,0,0,1,0,1,0,1,0,0,2,0,1,1,0,0,0
1,1,4,10,59,0,1,0,0,0,1,0,1,1,1,0,1,0,3,1,0,0,0,0,0
2,2,1,12,54,0,1,1,0,0,0,1,1,0,1,1,1,0,3,0,0,1,1,1,0
2,1,2,9,76,0,1,0,0,0,1,0,0,1,0,0,1,0,3,1,0,0,0,1,0
3,2,5,12,26,0,1,1,1,0,1,0,0,1,0,0,0,1,1,1,1,1,0,0,1
1,2,5,15,22,1,1,1,1,1,1,1,1,1,1,1,1,0,1,0,0,1,0,0,0
1,2,5,14,23,1,1,1,1,0,1,0,1,1,1,0,0,0,3,1,1,1,0,0,0
1,2,3,9,65,1,1,1,1,1,1,0,0,1,1,1,0,0,2,1,1,1,0,0,0
1,2,5,18,50,0,1,0,1,0,1,0,1,1,0,1,0,0,3,1,1,1,0,0,0
1,2,3,17,54,0,1,1,1,0,1,0,0,1,1,0,0,0,3,1,1,1,0,0,0
1,2,5,14,23,0,1,1,0,0,1,0,0,1,0,1,0,1,3,1,1,1,0,0,0
1,2,3,12,40,0,1,0,0,0,1,0,0,1,1,0,0,0,3,1,1,1,0,0,0
1,2,1,19,43,0,1,1,0,0,1,0,0,1,1,0,0,1,2,1,1,1,1,0,0
1,2,3,16,29,0,1,1,1,0,1,1,1,1,0,0,0,0,3,0,1,1,0,0,0
3,2,1,10,84,1,1,0,1,0,0,0,0,1,1,0,0,0,2,1,1,1,1,0,1
1,2,1,13,31,0,1,1,0,0,1,0,1,1,1,1,1,1,3,1,0,1,1,0,0
1,1,3,12,40,0,1,0,0,0,1,0,1,0,1,1,0,0,3,1,1,0,0,0,0
1,1,1,14,50,1,1,1,0,1,1,0,1,1,1,0,0,1,3,1,1,0,1,0,0
1,1,1,10,64,0,1,0,0,0,1,1,1,0,1,1,1,1,1,0,0,0,1,0,0
1,2,3,8,64,0,1,0,0,0,1,1,0,1,0,1,1,1,3,0,0,1,0,0,0
1,1,3,16,31,0,1,1,0,1,1,0,1,1,1,1,0,0,3,1,1,0,0,0,0
1,1,3,10,34,0,1,1,1,0,1,0,1,1,0,0,0,1,3,1,1,0,0,0,0
1,1,5,13,63,0,1,1,1,0,1,0,0,0,0,0,0,0,1,1,1,0,0,0,0
1,2,1,12,38,0,1,1,0,1,0,0,1,1,1,1,0,1,3,1,1,1,1,0,0
1,2,1,14,37,0,1,1,1,0,0,0,0,1,1,1,0,1,2,1,1,1,1,0,0
1,1,3,13,38,0,1,1,1,0,1,1,1,1,1,0,1,1,1,0,0,0,0,0,0
1,1,5,13,46,1,1,1,1,1,1,0,1,1,0,1,0,1,3,1,1,0,0,0,0
3,2,2,8,49,0,0,0,0,0,1,0,0,0,0,0,0,0,3,1,1,1,0,0,1
1,1,3,13,46,0,1,1,1,0,0,1,0,1,1,0,0,1,1,0,1,0,0,0,0
1,1,1,12,59,1,1,1,0,1,1,0,1,1,0,1,0,0,3,1,1,0,1,0,0
2,1,5,14,56,0,0,1,0,0,0,0,0,0,0,0,0,0,3,1,1,0,0,1,0
3,1,5,11,18,0,1,1,0,0,1,1,1,1,0,1,0,1,3,0,1,0,0,0,1
1,2,1,12,68,0,1,1,0,1,0,0,0,0,1,0,0,0,3,1,1,1,1,0,0
1,2,1,13,31,1,0,0,1,0,1,0,1,1,1,0,0,1,2,1,1,1,1,0,0
1,2,1,8,81,0,0,0,0,0,1,0,0,1,0,0,0,0,3,1,1,1,1,0,0
2,1,5,10,27,1,1,0,1,0,1,0,1,1,0,1,0,0,3,1,1,0,0,1,0
1,2,3,12,59,0,1,1,1,0,0,0,0,0,0,0,0,0,2,1,1,1,0,0,0
1,1,4,16,41,1,1,1,1,1,1,0,1,1,0,1,0,1,2,1,1,0,0,0,0
1,2,5,9,28,0,0,1,0,0,1,1,1,1,0,0,0,1,2,0,1,1,0,0,0
1,2,5,12,28,0,1,1,0,0,1,1,1,1,1,1,1,1,2,0,0,1,0,0,0
1,1,1,16,54,1,1,0,0,0,0,0,1,1,0,0,0,0,2,1,1,0,1,0,0
3,1,5,12,44,0,0,0,0,0,1,1,0,1,1,0,0,0,2,0,1,0,0,0,1
1,1,5,17,60,1,1,1,1,1,1,1,1,1,0,1,0,1,2,0,1,0,0,0,0
3,2,1,19,44,1,1,1,1,1,1,1,1,1,1,1,0,1,1,0,1,1,1,0,1
3,1,1,15,30,0,0,0,1,0,1,0,1,0,1,1,0,0,3,1,1,0,1,0,1
1,2,1,20,68,1,1,0,0,1,1,1,1,1,1,0,1,0,2,0,0,1,1,0,0
3,2,3,12,70,0,1,1,1,1,1,0,1,1,1,0,1,0,2,1,0,1,0,0,1
3,1,5,14,21,0,1,0,1,0,0,0,0,1,0,1,0,0,2,1,1,0,0,0,1
1,1,1,18,59,0,1,1,0,1,1,0,0,1,1,1,0,0,3,1,1,0,1,0,0
1,1,1,15,38,0,1,1,1,1,1,1,1,1,1,1,1,1,2,0,0,0,1,0,0
3,2,1,12,52,0,1,0,0,0,1,1,0,1,0,0,1,0,3,0,0,1,1,0,1
1,2,1,12,58,0,0,0,1,1,1,0,1,0,1,1,0,0,3,1,1,1,1,0,0
1,2,1,15,50,1,1,1,0,1,1,0,1,1,0,0,0,1,1,1,1,1,1,0,0
1,2,2,12,75,0,1,1,0,0,1,0,1,0,1,0,0,0,3,1,1,1,0,0,0
1,1,4,10,51,0,1,1,0,0,1,0,0,1,0,0,0,1,1,1,1,0,0,0,0
1,1,1,12,54,1,1,1,1,1,1,1,1,1,0,1,0,0,2,0,1,0,1,0,0
1,2,1,12,70,0,1,0,0,0,1,0,0,0,0,0,0,0,3,1,1,1,1,0,0
1,1,3,12,35,0,0,0,0,0,1,1,0,1,0,0,0,0,1,0,1,0,0,0,0
1,2,3,13,36,0,1,1,0,0,1,1,0,1,1,0,0,1,1,0,1,1,0,0,0
1,1,3,13,53,0,1,1,1,0,1,0,1,1,1,0,0,1,1,1,1,0,0,0,0
1,1,3,14,31,1,1,1,0,0,1,0,1,1,0,1,0,1,3,1,1,0,0,0,0
1,2,5,12,20,1,1,1,0,0,1,1,1,1,1,1,0,0,1,0,1,1,0,0,0
1,2,1,12,53,0,1,1,1,1,1,0,1,1,0,0,0,1,2,1,1,1,1,0,0
1,2,2,18,73,0,1,1,1,1,1,1,0,1,0,0,1,0,1,0,0,1,0,0,0
1,2,5,12,22,0,1,1,0,1,1,1,0,1,1,1,0,0,2,0,1,1,0,0,0
2,2,2,6,64,0,0,0,0,1,0,0,0,1,1,0,0,0,3,1,1,1,0,1,0
1,2,1,14,47,0,0,0,1,1,1,0,1,1,1,1,0,0,2,1,1,1,1,0,0
1,2,1,14,27,0,1,0,0,0,0,0,0,1,0,0,0,0,3,1,1,1,1,0,0
2,2,5,12,40,0,1,0,0,0,0,1,0,0,0,0,0,0,3,0,1,1,0,1,0
1,1,1,18,34,0,1,1,1,1,1,1,1,1,1,1,1,0,2,0,0,0,1,0,0
1,2,1,13,53,0,1,1,0,0,1,1,1,1,1,1,1,0,2,0,0,1,1,0,0
1,2,3,12,60,0,0,0,1,1,1,0,1,1,1,0,0,0,2,1,1,1,0,0,0
1,1,5,17,68,0,1,0,1,1,0,1,1,1,0,1,1,1,1,0,0,0,0,0,0
1,2,1,14,31,0,1,1,1,1,1,0,1,1,1,0,0,0,3,1,1,1,1,0,0
1,2,1,18,35,0,1,1,1,1,1,0,1,1,1,1,0,0,2,1,1,1,1,0,0
1,1,1,15,45,1,1,1,0,0,0,0,0,1,1,0,0,0,2,1,1,0,1,0,0
1,2,2,12,89,0,1,1,1,0,1,1,1,1,0,0,0,0,3,0,1,1,0,0,0
2,2,5,12,32,0,1,1,0,0,1,0,0,1,0,0,0,0,2,1,1,1,0,1,0
1,2,5,13,23,1,1,1,1,1,1,0,1,1,1,0,0,1,2,1,1,1,0,0,0
1,1,1,12,24,1,1,1,1,0,1,0,1,1,1,1,0,1,3,1,1,0,1,0,0
1,1,1,10,46,0,1,1,1,1,1,1,1,1,0,1,1,1,1,0,0,0,1,0,0
1,1,1,12,55,1,1,1,1,1,1,0,1,1,1,1,1,1,2,1,0,0,1,0,0
1,2,3,17,29,1,1,1,1,1,1,1,1,1,1,1,0,1,2,0,1,1,0,0,0
1,2,4,14,33,0,1,1,1,0,1,0,1,1,1,1,1,0,1,1,0,1,0,0,0
1,1,5,12,33,0,1,0,0,1,1,1,1,1,1,1,0,0,2,0,1,0,0,0,0
1,1,1,14,67,1,1,1,1,1,1,1,1,1,1,1,1,1,2,0,0,0,1,0,0
1,2,1,16,35,0,1,1,1,0,1,1,1,1,1,1,0,0,1,0,1,1,1,0,0
1,2,2,16,86,0,0,1,0,1,0,0,0,1,0,0,0,0,2,1,1,1,0,0,0
2,1,4,14,62,0,1,1,0,0,1,1,1,1,0,0,0,0,3,0,1,0,0,1,0
1,1,5,14,25,1,1,0,1,1,1,0,1,1,1,1,0,1,2,1,1,0,0,0,0
